0 verbose cli C:\Program Files\nodejs\node.exe C:\Program Files\nodejs\node_modules\npm\bin\npm-cli.js
1 info using npm@11.16.0
2 info using node@v24.18.0
3 silly config load:file:C:\Program Files\nodejs\node_modules\npm\npmrc
4 silly config load:file:C:\Users\USER\Documents\Codex\2026-09-14\d\outputs\screen-studio\.npmrc
5 silly config load:file:C:\Users\USER\.npmrc
6 silly config load:file:C:\Users\USER\AppData\Roaming\npm\etc\npmrc
7 verbose title npm install
8 verbose argv "install" "--cache" "../../work/npm-cache" "--fetch-retries" "0" "--fetch-timeout" "30000"
9 verbose logfile logs-max:10 dir:C:\Users\USER\Documents\Codex\2026-09-14\d\work\npm-cache\_logs\2026-09-14T11_46_43_665Z-
10 verbose logfile C:\Users\USER\Documents\Codex\2026-09-14\d\work\npm-cache\_logs\2026-09-14T11_46_43_665Z-debug-0.log
11 silly logfile done cleaning log files
12 silly packumentCache heap:4496293888 maxSize:1124073472 maxEntrySize:562036736
13 silly idealTree buildDeps
14 silly fetch manifest express@^5.1.0
15 silly packumentCache full:https://registry.npmjs.org/express cache-miss
16 http fetch GET 200 https://registry.npmjs.org/npm 126ms
17 http fetch GET 200 https://registry.npmjs.org/express 124ms (cache miss)
18 silly packumentCache full:https://registry.npmjs.org/express set size:undefined disposed:false
19 silly fetch manifest exceljs@^4.4.0
20 silly packumentCache full:https://registry.npmjs.org/exceljs cache-miss
21 http fetch GET 200 https://registry.npmjs.org/exceljs 49ms (cache miss)
22 silly packumentCache full:https://registry.npmjs.org/exceljs set size:undefined disposed:false
23 silly fetch manifest pptxgenjs@^4.0.1
24 silly packumentCache full:https://registry.npmjs.org/pptxgenjs cache-miss
25 http fetch GET 200 https://registry.npmjs.org/pptxgenjs 186ms (cache miss)
26 silly packumentCache full:https://registry.npmjs.org/pptxgenjs set size:undefined disposed:false
27 silly fetch manifest multer@^2.0.2
28 silly packumentCache full:https://registry.npmjs.org/multer cache-miss
29 http fetch GET 200 https://registry.npmjs.org/multer 32ms (cache miss)
30 silly packumentCache full:https://registry.npmjs.org/multer set size:undefined disposed:false
31 silly placeDep ROOT exceljs@4.4.0 OK for: screen-studio@1.0.0 want: ^4.4.0
32 silly placeDep ROOT express@5.2.1 OK for: screen-studio@1.0.0 want: ^5.1.0
33 silly placeDep ROOT multer@2.4.0 OK for: screen-studio@1.0.0 want: ^2.0.2
34 silly placeDep ROOT pptxgenjs@4.0.1 OK for: screen-studio@1.0.0 want: ^4.0.1
35 silly fetch manifest tmp@^0.2.0
36 silly packumentCache full:https://registry.npmjs.org/tmp cache-miss
37 silly fetch manifest uuid@^8.3.0
38 silly packumentCache full:https://registry.npmjs.org/uuid cache-miss
39 silly fetch manifest dayjs@^1.8.34
40 silly packumentCache full:https://registry.npmjs.org/dayjs cache-miss
41 silly fetch manifest jszip@^3.10.1
42 silly packumentCache full:https://registry.npmjs.org/jszip cache-miss
43 silly fetch manifest saxes@^5.0.1
44 silly packumentCache full:https://registry.npmjs.org/saxes cache-miss
45 silly fetch manifest archiver@^5.0.0
46 silly packumentCache full:https://registry.npmjs.org/archiver cache-miss
47 silly fetch manifest fast-csv@^4.3.1
48 silly packumentCache full:https://registry.npmjs.org/fast-csv cache-miss
49 http fetch GET 200 https://registry.npmjs.org/tmp 47ms (cache miss)
50 silly packumentCache full:https://registry.npmjs.org/tmp set size:undefined disposed:false
51 silly fetch manifest unzipper@^0.10.11
52 silly packumentCache full:https://registry.npmjs.org/unzipper cache-miss
53 http fetch GET 200 https://registry.npmjs.org/uuid 51ms (cache miss)
54 silly packumentCache full:https://registry.npmjs.org/uuid set size:undefined disposed:false
55 silly fetch manifest readable-stream@^3.6.0
56 silly packumentCache full:https://registry.npmjs.org/readable-stream cache-miss
57 http fetch GET 200 https://registry.npmjs.org/jszip 83ms (cache miss)
58 silly packumentCache full:https://registry.npmjs.org/jszip set size:undefined disposed:false
59 silly fetch manifest qs@^6.14.0
60 silly packumentCache full:https://registry.npmjs.org/qs cache-miss
61 http fetch GET 200 https://registry.npmjs.org/archiver 90ms (cache miss)
62 silly packumentCache full:https://registry.npmjs.org/archiver set size:undefined disposed:false
63 silly fetch manifest depd@^2.0.0
64 silly packumentCache full:https://registry.npmjs.org/depd cache-miss
65 http fetch GET 200 https://registry.npmjs.org/unzipper 47ms (cache miss)
66 silly packumentCache full:https://registry.npmjs.org/unzipper set size:undefined disposed:false
67 silly fetch manifest etag@^1.8.1
68 silly packumentCache full:https://registry.npmjs.org/etag cache-miss
69 http fetch GET 200 https://registry.npmjs.org/fast-csv 99ms (cache miss)
70 silly packumentCache full:https://registry.npmjs.org/fast-csv set size:undefined disposed:false
71 silly fetch manifest once@^1.4.0
72 silly packumentCache full:https://registry.npmjs.org/once cache-miss
73 http fetch GET 200 https://registry.npmjs.org/readable-stream 57ms (cache miss)
74 silly packumentCache full:https://registry.npmjs.org/readable-stream set size:undefined disposed:false
75 silly fetch manifest send@^1.1.0
76 silly packumentCache full:https://registry.npmjs.org/send cache-miss
77 http fetch GET 200 https://registry.npmjs.org/dayjs 119ms (cache miss)
78 silly packumentCache full:https://registry.npmjs.org/dayjs set size:undefined disposed:false
79 silly fetch manifest vary@^1.1.2
80 silly packumentCache full:https://registry.npmjs.org/vary cache-miss
81 http fetch GET 200 https://registry.npmjs.org/depd 37ms (cache miss)
82 silly packumentCache full:https://registry.npmjs.org/depd set size:undefined disposed:false
83 silly fetch manifest debug@^4.4.0
84 silly packumentCache full:https://registry.npmjs.org/debug cache-miss
85 http fetch GET 200 https://registry.npmjs.org/once 33ms (cache miss)
86 silly packumentCache full:https://registry.npmjs.org/once set size:undefined disposed:false
87 silly fetch manifest fresh@^2.0.0
88 silly packumentCache full:https://registry.npmjs.org/fresh cache-miss
89 http fetch GET 200 https://registry.npmjs.org/etag 42ms (cache miss)
90 silly packumentCache full:https://registry.npmjs.org/etag set size:undefined disposed:false
91 silly fetch manifest cookie@^0.7.1
92 silly packumentCache full:https://registry.npmjs.org/cookie cache-miss
93 http fetch GET 200 https://registry.npmjs.org/qs 60ms (cache miss)
94 silly packumentCache full:https://registry.npmjs.org/qs set size:undefined disposed:false
95 silly fetch manifest router@^2.2.0
96 silly packumentCache full:https://registry.npmjs.org/router cache-miss
97 http fetch GET 200 https://registry.npmjs.org/vary 46ms (cache miss)
98 silly packumentCache full:https://registry.npmjs.org/vary set size:undefined disposed:false
99 silly fetch manifest accepts@^2.0.0
100 silly packumentCache full:https://registry.npmjs.org/accepts cache-miss
101 http fetch GET 200 https://registry.npmjs.org/send 60ms (cache miss)
102 silly packumentCache full:https://registry.npmjs.org/send set size:undefined disposed:false
103 silly fetch manifest type-is@^2.0.1
104 silly packumentCache full:https://registry.npmjs.org/type-is cache-miss
105 http fetch GET 200 https://registry.npmjs.org/fresh 56ms (cache miss)
106 silly packumentCache full:https://registry.npmjs.org/fresh set size:undefined disposed:false
107 silly fetch manifest parseurl@^1.3.3
108 silly packumentCache full:https://registry.npmjs.org/parseurl cache-miss
109 http fetch GET 200 https://registry.npmjs.org/cookie 52ms (cache miss)
110 silly packumentCache full:https://registry.npmjs.org/cookie set size:undefined disposed:false
111 silly fetch manifest statuses@^2.0.1
112 silly packumentCache full:https://registry.npmjs.org/statuses cache-miss
113 http fetch GET 200 https://registry.npmjs.org/debug 71ms (cache miss)
114 silly packumentCache full:https://registry.npmjs.org/debug set size:undefined disposed:false
115 silly fetch manifest encodeurl@^2.0.0
116 silly packumentCache full:https://registry.npmjs.org/encodeurl cache-miss
117 http fetch GET 200 https://registry.npmjs.org/router 61ms (cache miss)
118 silly packumentCache full:https://registry.npmjs.org/router set size:undefined disposed:false
119 silly fetch manifest mime-types@^3.0.0
120 silly packumentCache full:https://registry.npmjs.org/mime-types cache-miss
121 http fetch GET 200 https://registry.npmjs.org/accepts 50ms (cache miss)
122 silly packumentCache full:https://registry.npmjs.org/accepts set size:undefined disposed:false
123 silly fetch manifest proxy-addr@^2.0.7
124 silly packumentCache full:https://registry.npmjs.org/proxy-addr cache-miss
125 http fetch GET 200 https://registry.npmjs.org/type-is 45ms (cache miss)
126 silly packumentCache full:https://registry.npmjs.org/type-is set size:undefined disposed:false
127 silly fetch manifest body-parser@^2.2.1
128 silly packumentCache full:https://registry.npmjs.org/body-parser cache-miss
129 http fetch GET 200 https://registry.npmjs.org/parseurl 35ms (cache miss)
130 silly packumentCache full:https://registry.npmjs.org/parseurl set size:undefined disposed:false
131 silly fetch manifest escape-html@^1.0.3
132 silly packumentCache full:https://registry.npmjs.org/escape-html cache-miss
133 http fetch GET 200 https://registry.npmjs.org/statuses 38ms (cache miss)
134 silly packumentCache full:https://registry.npmjs.org/statuses set size:undefined disposed:false
135 silly fetch manifest http-errors@^2.0.0
136 silly packumentCache full:https://registry.npmjs.org/http-errors cache-miss
137 http fetch GET 200 https://registry.npmjs.org/saxes 247ms (cache miss)
138 silly packumentCache full:https://registry.npmjs.org/saxes set size:undefined disposed:false
139 silly fetch manifest on-finished@^2.4.1
140 silly packumentCache full:https://registry.npmjs.org/on-finished cache-miss
141 http fetch GET 200 https://registry.npmjs.org/encodeurl 46ms (cache miss)
142 silly packumentCache full:https://registry.npmjs.org/encodeurl set size:undefined disposed:false
143 silly fetch manifest content-type@^1.0.5
144 silly packumentCache full:https://registry.npmjs.org/content-type cache-miss
145 http fetch GET 200 https://registry.npmjs.org/mime-types 50ms (cache miss)
146 silly packumentCache full:https://registry.npmjs.org/mime-types set size:undefined disposed:false
147 silly fetch manifest finalhandler@^2.1.0
148 silly packumentCache full:https://registry.npmjs.org/finalhandler cache-miss
149 http fetch GET 200 https://registry.npmjs.org/proxy-addr 47ms (cache miss)
150 silly packumentCache full:https://registry.npmjs.org/proxy-addr set size:undefined disposed:false
151 silly fetch manifest range-parser@^1.2.1
152 silly packumentCache full:https://registry.npmjs.org/range-parser cache-miss
153 http fetch GET 200 https://registry.npmjs.org/escape-html 46ms (cache miss)
154 silly packumentCache full:https://registry.npmjs.org/escape-html set size:undefined disposed:false
155 silly fetch manifest serve-static@^2.2.0
156 silly packumentCache full:https://registry.npmjs.org/serve-static cache-miss
157 http fetch GET 200 https://registry.npmjs.org/http-errors 45ms (cache miss)
158 silly packumentCache full:https://registry.npmjs.org/http-errors set size:undefined disposed:false
159 silly fetch manifest cookie-signature@^1.2.1
160 silly packumentCache full:https://registry.npmjs.org/cookie-signature cache-miss
161 http fetch GET 200 https://registry.npmjs.org/body-parser 58ms (cache miss)
162 silly packumentCache full:https://registry.npmjs.org/body-parser set size:undefined disposed:false
163 silly fetch manifest merge-descriptors@^2.0.0
164 silly packumentCache full:https://registry.npmjs.org/merge-descriptors cache-miss
165 http fetch GET 200 https://registry.npmjs.org/on-finished 42ms (cache miss)
166 silly packumentCache full:https://registry.npmjs.org/on-finished set size:undefined disposed:false
167 silly fetch manifest content-disposition@^1.0.0
168 silly packumentCache full:https://registry.npmjs.org/content-disposition cache-miss
169 http fetch GET 200 https://registry.npmjs.org/content-type 41ms (cache miss)
170 silly packumentCache full:https://registry.npmjs.org/content-type set size:undefined disposed:false
171 silly fetch manifest busboy@^1.6.0
172 silly packumentCache full:https://registry.npmjs.org/busboy cache-miss
173 http fetch GET 200 https://registry.npmjs.org/finalhandler 42ms (cache miss)
174 silly packumentCache full:https://registry.npmjs.org/finalhandler set size:undefined disposed:false
175 silly fetch manifest type-is@^1.6.18
176 silly packumentCache full:https://registry.npmjs.org/type-is cache-miss
177 http fetch GET 200 https://registry.npmjs.org/range-parser 40ms (cache miss)
178 silly packumentCache full:https://registry.npmjs.org/range-parser set size:undefined disposed:false
179 silly fetch manifest append-field@^1.0.0
180 silly packumentCache full:https://registry.npmjs.org/append-field cache-miss
181 http cache https://registry.npmjs.org/type-is 19ms (cache hit)
182 silly packumentCache full:https://registry.npmjs.org/type-is set size:88614 disposed:false
183 silly fetch manifest @types/node@^22.8.1
184 silly packumentCache full:https://registry.npmjs.org/@types%2fnode cache-miss
185 http fetch GET 200 https://registry.npmjs.org/serve-static 52ms (cache miss)
186 silly packumentCache full:https://registry.npmjs.org/serve-static set size:undefined disposed:false
187 silly fetch manifest https@^1.0.0
188 silly packumentCache full:https://registry.npmjs.org/https cache-miss
189 http fetch GET 200 https://registry.npmjs.org/content-disposition 42ms (cache miss)
190 silly packumentCache full:https://registry.npmjs.org/content-disposition set size:undefined disposed:false
191 silly fetch manifest image-size@^1.2.1
192 silly packumentCache full:https://registry.npmjs.org/image-size cache-miss
193 http fetch GET 200 https://registry.npmjs.org/merge-descriptors 49ms (cache miss)
194 silly packumentCache full:https://registry.npmjs.org/merge-descriptors set size:undefined disposed:false
195 http fetch GET 200 https://registry.npmjs.org/cookie-signature 56ms (cache miss)
196 silly packumentCache full:https://registry.npmjs.org/cookie-signature set size:undefined disposed:false
197 http fetch GET 200 https://registry.npmjs.org/append-field 31ms (cache miss)
198 silly packumentCache full:https://registry.npmjs.org/append-field set size:undefined disposed:false
199 http fetch GET 200 https://registry.npmjs.org/busboy 47ms (cache miss)
200 silly packumentCache full:https://registry.npmjs.org/busboy set size:undefined disposed:false
201 http fetch GET 200 https://registry.npmjs.org/https 23ms (cache miss)
202 silly packumentCache full:https://registry.npmjs.org/https set size:undefined disposed:false
203 http fetch GET 200 https://registry.npmjs.org/image-size 183ms (cache miss)
204 silly packumentCache full:https://registry.npmjs.org/image-size set size:undefined disposed:false
205 http fetch GET 200 https://registry.npmjs.org/@types%2fnode 216ms (cache miss)
206 silly packumentCache full:https://registry.npmjs.org/@types%2fnode set size:undefined disposed:false
207 silly placeDep ROOT archiver@5.3.2 OK for: exceljs@4.4.0 want: ^5.0.0
208 silly placeDep ROOT dayjs@1.11.23 OK for: exceljs@4.4.0 want: ^1.8.34
209 silly placeDep ROOT fast-csv@4.3.6 OK for: exceljs@4.4.0 want: ^4.3.1
210 silly placeDep ROOT jszip@3.10.2 OK for: exceljs@4.4.0 want: ^3.10.1
211 silly placeDep ROOT readable-stream@3.6.2 OK for: exceljs@4.4.0 want: ^3.6.0
212 silly placeDep ROOT saxes@5.0.1 OK for: exceljs@4.4.0 want: ^5.0.1
213 silly placeDep ROOT tmp@0.2.7 OK for: exceljs@4.4.0 want: ^0.2.0
214 silly placeDep ROOT unzipper@0.10.14 OK for: exceljs@4.4.0 want: ^0.10.11
215 silly placeDep ROOT uuid@8.3.2 OK for: exceljs@4.4.0 want: ^8.3.0
216 silly fetch manifest async@^3.2.4
217 silly packumentCache full:https://registry.npmjs.org/async cache-miss
218 silly fetch manifest tar-stream@^2.2.0
219 silly packumentCache full:https://registry.npmjs.org/tar-stream cache-miss
220 silly fetch manifest zip-stream@^4.1.0
221 silly packumentCache full:https://registry.npmjs.org/zip-stream cache-miss
222 silly fetch manifest buffer-crc32@^0.2.1
223 silly packumentCache full:https://registry.npmjs.org/buffer-crc32 cache-miss
224 silly fetch manifest readdir-glob@^1.1.2
225 silly packumentCache full:https://registry.npmjs.org/readdir-glob cache-miss
226 silly fetch manifest archiver-utils@^2.1.0
227 silly packumentCache full:https://registry.npmjs.org/archiver-utils cache-miss
228 silly fetch manifest @fast-csv/parse@4.3.6
229 silly packumentCache full:https://registry.npmjs.org/@fast-csv%2fparse cache-miss
230 http fetch GET 200 https://registry.npmjs.org/readdir-glob 37ms (cache miss)
231 silly packumentCache full:https://registry.npmjs.org/readdir-glob set size:undefined disposed:false
232 silly fetch manifest @fast-csv/format@4.3.5
233 silly packumentCache full:https://registry.npmjs.org/@fast-csv%2fformat cache-miss
234 http fetch GET 200 https://registry.npmjs.org/buffer-crc32 42ms (cache miss)
235 silly packumentCache full:https://registry.npmjs.org/buffer-crc32 set size:undefined disposed:false
236 silly fetch manifest lie@~3.3.0
237 silly packumentCache full:https://registry.npmjs.org/lie cache-miss
238 http fetch GET 200 https://registry.npmjs.org/archiver-utils 43ms (cache miss)
239 silly packumentCache full:https://registry.npmjs.org/archiver-utils set size:undefined disposed:false
240 silly fetch manifest pako@~1.0.2
241 silly packumentCache full:https://registry.npmjs.org/pako cache-miss
242 http fetch GET 200 https://registry.npmjs.org/zip-stream 47ms (cache miss)
243 silly packumentCache full:https://registry.npmjs.org/zip-stream set size:undefined disposed:false
244 silly fetch manifest setimmediate@^1.0.5
245 silly packumentCache full:https://registry.npmjs.org/setimmediate cache-miss
246 http fetch GET 200 https://registry.npmjs.org/@fast-csv%2fparse 49ms (cache miss)
247 silly packumentCache full:https://registry.npmjs.org/@fast-csv%2fparse set size:undefined disposed:false
248 silly fetch manifest readable-stream@~2.3.6
249 silly packumentCache full:https://registry.npmjs.org/readable-stream cache-miss
250 http fetch GET 200 https://registry.npmjs.org/tar-stream 52ms (cache miss)
251 silly packumentCache full:https://registry.npmjs.org/tar-stream set size:undefined disposed:false
252 silly fetch manifest inherits@^2.0.3
253 silly packumentCache full:https://registry.npmjs.org/inherits cache-miss
254 http fetch GET 200 https://registry.npmjs.org/async 57ms (cache miss)
255 silly packumentCache full:https://registry.npmjs.org/async set size:undefined disposed:false
256 silly fetch manifest string_decoder@^1.1.1
257 silly packumentCache full:https://registry.npmjs.org/string_decoder cache-miss
258 http cache https://registry.npmjs.org/readable-stream 21ms (cache hit)
259 silly packumentCache full:https://registry.npmjs.org/readable-stream set size:261096 disposed:false
260 silly fetch manifest util-deprecate@^1.0.1
261 silly packumentCache full:https://registry.npmjs.org/util-deprecate cache-miss
262 http fetch GET 200 https://registry.npmjs.org/setimmediate 35ms (cache miss)
263 silly packumentCache full:https://registry.npmjs.org/setimmediate set size:undefined disposed:false
264 silly fetch manifest xmlchars@^2.2.0
265 silly packumentCache full:https://registry.npmjs.org/xmlchars cache-miss
266 http fetch GET 200 https://registry.npmjs.org/pako 43ms (cache miss)
267 silly packumentCache full:https://registry.npmjs.org/pako set size:undefined disposed:false
268 silly fetch manifest binary@~0.3.0
269 silly packumentCache full:https://registry.npmjs.org/binary cache-miss
270 http fetch GET 200 https://registry.npmjs.org/lie 50ms (cache miss)
271 silly packumentCache full:https://registry.npmjs.org/lie set size:undefined disposed:false
272 silly fetch manifest fstream@^1.0.12
273 silly packumentCache full:https://registry.npmjs.org/fstream cache-miss
274 http fetch GET 200 https://registry.npmjs.org/@fast-csv%2fformat 56ms (cache miss)
275 silly packumentCache full:https://registry.npmjs.org/@fast-csv%2fformat set size:undefined disposed:false
276 silly fetch manifest bluebird@~3.4.1
277 silly packumentCache full:https://registry.npmjs.org/bluebird cache-miss
278 http fetch GET 200 https://registry.npmjs.org/inherits 49ms (cache miss)
279 silly packumentCache full:https://registry.npmjs.org/inherits set size:undefined disposed:false
280 silly fetch manifest duplexer2@~0.1.4
281 silly packumentCache full:https://registry.npmjs.org/duplexer2 cache-miss
282 http fetch GET 200 https://registry.npmjs.org/string_decoder 45ms (cache miss)
283 silly packumentCache full:https://registry.npmjs.org/string_decoder set size:undefined disposed:false
284 silly fetch manifest big-integer@^1.6.17
285 silly packumentCache full:https://registry.npmjs.org/big-integer cache-miss
286 http fetch GET 200 https://registry.npmjs.org/util-deprecate 35ms (cache miss)
287 silly packumentCache full:https://registry.npmjs.org/util-deprecate set size:undefined disposed:false
288 silly fetch manifest graceful-fs@^4.2.2
289 silly packumentCache full:https://registry.npmjs.org/graceful-fs cache-miss
290 http fetch GET 200 https://registry.npmjs.org/xmlchars 34ms (cache miss)
291 silly packumentCache full:https://registry.npmjs.org/xmlchars set size:undefined disposed:false
292 silly fetch manifest setimmediate@~1.0.4
293 silly packumentCache full:https://registry.npmjs.org/setimmediate cache-miss
294 http fetch GET 200 https://registry.npmjs.org/binary 35ms (cache miss)
295 silly packumentCache full:https://registry.npmjs.org/binary set size:undefined disposed:false
296 silly fetch manifest listenercount@~1.0.1
297 silly packumentCache full:https://registry.npmjs.org/listenercount cache-miss
298 http fetch GET 200 https://registry.npmjs.org/fstream 34ms (cache miss)
299 silly packumentCache full:https://registry.npmjs.org/fstream set size:undefined disposed:false
300 silly fetch manifest buffer-indexof-polyfill@~1.0.0
301 silly packumentCache full:https://registry.npmjs.org/buffer-indexof-polyfill cache-miss
302 http fetch GET 200 https://registry.npmjs.org/duplexer2 37ms (cache miss)
303 silly packumentCache full:https://registry.npmjs.org/duplexer2 set size:undefined disposed:false
304 http cache https://registry.npmjs.org/setimmediate 22ms (cache hit)
305 silly packumentCache full:https://registry.npmjs.org/setimmediate set size:17282 disposed:false
306 http fetch GET 200 https://registry.npmjs.org/big-integer 41ms (cache miss)
307 silly packumentCache full:https://registry.npmjs.org/big-integer set size:undefined disposed:false
308 http fetch GET 200 https://registry.npmjs.org/graceful-fs 36ms (cache miss)
309 silly packumentCache full:https://registry.npmjs.org/graceful-fs set size:undefined disposed:false
310 http fetch GET 200 https://registry.npmjs.org/listenercount 27ms (cache miss)
311 silly packumentCache full:https://registry.npmjs.org/listenercount set size:undefined disposed:false
312 http fetch GET 200 https://registry.npmjs.org/bluebird 62ms (cache miss)
313 silly packumentCache full:https://registry.npmjs.org/bluebird set size:undefined disposed:false
314 http fetch GET 200 https://registry.npmjs.org/buffer-indexof-polyfill 35ms (cache miss)
315 silly packumentCache full:https://registry.npmjs.org/buffer-indexof-polyfill set size:undefined disposed:false
316 silly placeDep ROOT archiver-utils@2.1.0 OK for: archiver@5.3.2 want: ^2.1.0
317 silly placeDep ROOT async@3.2.6 OK for: archiver@5.3.2 want: ^3.2.4
318 silly placeDep ROOT buffer-crc32@0.2.13 OK for: archiver@5.3.2 want: ^0.2.1
319 silly placeDep ROOT readdir-glob@1.1.3 OK for: archiver@5.3.2 want: ^1.1.2
320 silly placeDep ROOT tar-stream@2.2.0 OK for: archiver@5.3.2 want: ^2.2.0
321 silly placeDep ROOT zip-stream@4.1.1 OK for: archiver@5.3.2 want: ^4.1.0
322 silly fetch manifest glob@^7.1.4
323 silly packumentCache full:https://registry.npmjs.org/glob cache-miss
324 silly fetch manifest graceful-fs@^4.2.0
325 silly packumentCache full:https://registry.npmjs.org/graceful-fs cache-miss
326 silly fetch manifest lazystream@^1.0.0
327 silly packumentCache full:https://registry.npmjs.org/lazystream cache-miss
328 silly fetch manifest lodash.defaults@^4.2.0
329 silly packumentCache full:https://registry.npmjs.org/lodash.defaults cache-miss
330 silly fetch manifest lodash.difference@^4.5.0
331 silly packumentCache full:https://registry.npmjs.org/lodash.difference cache-miss
332 silly fetch manifest lodash.flatten@^4.4.0
333 silly packumentCache full:https://registry.npmjs.org/lodash.flatten cache-miss
334 silly fetch manifest lodash.isplainobject@^4.0.6
335 silly packumentCache full:https://registry.npmjs.org/lodash.isplainobject cache-miss
336 http cache https://registry.npmjs.org/graceful-fs 8ms (cache hit)
337 silly packumentCache full:https://registry.npmjs.org/graceful-fs set size:124285 disposed:false
338 silly fetch manifest lodash.union@^4.6.0
339 silly packumentCache full:https://registry.npmjs.org/lodash.union cache-miss
340 http fetch GET 200 https://registry.npmjs.org/lazystream 30ms (cache miss)
341 silly packumentCache full:https://registry.npmjs.org/lazystream set size:undefined disposed:false
342 silly fetch manifest normalize-path@^3.0.0
343 silly packumentCache full:https://registry.npmjs.org/normalize-path cache-miss
344 http fetch GET 200 https://registry.npmjs.org/lodash.difference 33ms (cache miss)
345 silly packumentCache full:https://registry.npmjs.org/lodash.difference set size:undefined disposed:false
346 silly fetch manifest readable-stream@^2.0.0
347 silly packumentCache full:https://registry.npmjs.org/readable-stream cache-hit
348 silly fetch manifest minimatch@^5.1.0
349 silly packumentCache full:https://registry.npmjs.org/minimatch cache-miss
350 http fetch GET 200 https://registry.npmjs.org/lodash.defaults 38ms (cache miss)
351 silly packumentCache full:https://registry.npmjs.org/lodash.defaults set size:undefined disposed:false
352 silly fetch manifest bl@^4.0.3
353 silly packumentCache full:https://registry.npmjs.org/bl cache-miss
354 http fetch GET 200 https://registry.npmjs.org/lodash.isplainobject 39ms (cache miss)
355 silly packumentCache full:https://registry.npmjs.org/lodash.isplainobject set size:undefined disposed:false
356 silly fetch manifest fs-constants@^1.0.0
357 silly packumentCache full:https://registry.npmjs.org/fs-constants cache-miss
358 http fetch GET 200 https://registry.npmjs.org/lodash.union 34ms (cache miss)
359 silly packumentCache full:https://registry.npmjs.org/lodash.union set size:undefined disposed:false
360 silly fetch manifest end-of-stream@^1.4.1
361 silly packumentCache full:https://registry.npmjs.org/end-of-stream cache-miss
362 http fetch GET 200 https://registry.npmjs.org/glob 76ms (cache miss)
363 silly packumentCache full:https://registry.npmjs.org/glob set size:undefined disposed:false
364 silly fetch manifest archiver-utils@^3.0.4
365 silly packumentCache full:https://registry.npmjs.org/archiver-utils cache-miss
366 http fetch GET 200 https://registry.npmjs.org/fs-constants 42ms (cache miss)
367 silly packumentCache full:https://registry.npmjs.org/fs-constants set size:undefined disposed:false
368 silly fetch manifest compress-commons@^4.1.2
369 silly packumentCache full:https://registry.npmjs.org/compress-commons cache-miss
370 http fetch GET 200 https://registry.npmjs.org/normalize-path 55ms (cache miss)
371 silly packumentCache full:https://registry.npmjs.org/normalize-path set size:undefined disposed:false
372 http fetch GET 200 https://registry.npmjs.org/bl 51ms (cache miss)
373 silly packumentCache full:https://registry.npmjs.org/bl set size:undefined disposed:false
374 http cache https://registry.npmjs.org/archiver-utils 14ms (cache hit)
375 silly packumentCache full:https://registry.npmjs.org/archiver-utils set size:31398 disposed:false
376 http fetch GET 200 https://registry.npmjs.org/minimatch 61ms (cache miss)
377 silly packumentCache full:https://registry.npmjs.org/minimatch set size:undefined disposed:false
378 http fetch GET 200 https://registry.npmjs.org/end-of-stream 37ms (cache miss)
379 silly packumentCache full:https://registry.npmjs.org/end-of-stream set size:undefined disposed:false
380 http fetch GET 200 https://registry.npmjs.org/compress-commons 25ms (cache miss)
381 silly packumentCache full:https://registry.npmjs.org/compress-commons set size:undefined disposed:false
382 http fetch GET 200 https://registry.npmjs.org/lodash.flatten 179ms (cache miss)
383 silly packumentCache full:https://registry.npmjs.org/lodash.flatten set size:undefined disposed:false
384 silly placeDep ROOT glob@7.2.3 OK for: archiver-utils@2.1.0 want: ^7.1.4
385 silly placeDep ROOT graceful-fs@4.2.11 OK for: archiver-utils@2.1.0 want: ^4.2.0
386 silly placeDep ROOT lazystream@1.0.1 OK for: archiver-utils@2.1.0 want: ^1.0.0
387 silly placeDep ROOT lodash.defaults@4.2.0 OK for: archiver-utils@2.1.0 want: ^4.2.0
388 silly placeDep ROOT lodash.difference@4.5.0 OK for: archiver-utils@2.1.0 want: ^4.5.0
389 silly placeDep ROOT lodash.flatten@4.4.0 OK for: archiver-utils@2.1.0 want: ^4.4.0
390 silly placeDep ROOT lodash.isplainobject@4.0.6 OK for: archiver-utils@2.1.0 want: ^4.0.6
391 silly placeDep ROOT lodash.union@4.6.0 OK for: archiver-utils@2.1.0 want: ^4.6.0
392 silly placeDep ROOT normalize-path@3.0.0 OK for: archiver-utils@2.1.0 want: ^3.0.0
393 silly placeDep node_modules/archiver-utils readable-stream@2.3.8 OK for: archiver-utils@2.1.0 want: ^2.0.0
394 silly fetch manifest once@^1.3.0
395 silly packumentCache full:https://registry.npmjs.org/once cache-miss
396 silly fetch manifest inflight@^1.0.4
397 silly packumentCache full:https://registry.npmjs.org/inflight cache-miss
398 silly fetch manifest inherits@2
399 silly packumentCache full:https://registry.npmjs.org/inherits cache-miss
400 silly fetch manifest minimatch@^3.1.1
401 silly packumentCache full:https://registry.npmjs.org/minimatch cache-miss
402 silly fetch manifest fs.realpath@^1.0.0
403 silly packumentCache full:https://registry.npmjs.org/fs.realpath cache-miss
404 silly fetch manifest path-is-absolute@^1.0.0
405 silly packumentCache full:https://registry.npmjs.org/path-is-absolute cache-miss
406 silly fetch manifest readable-stream@^2.0.5
407 silly packumentCache full:https://registry.npmjs.org/readable-stream cache-hit
408 silly fetch manifest isarray@~1.0.0
409 silly packumentCache full:https://registry.npmjs.org/isarray cache-miss
410 http cache https://registry.npmjs.org/inherits 13ms (cache hit)
411 silly packumentCache full:https://registry.npmjs.org/inherits set size:12925 disposed:false
412 silly fetch manifest inherits@~2.0.3
413 silly packumentCache full:https://registry.npmjs.org/inherits cache-hit
414 silly fetch manifest safe-buffer@~5.1.1
415 silly packumentCache full:https://registry.npmjs.org/safe-buffer cache-miss
416 http cache https://registry.npmjs.org/minimatch 14ms (cache hit)
417 silly packumentCache full:https://registry.npmjs.org/minimatch set size:377924 disposed:false
418 silly fetch manifest core-util-is@~1.0.0
419 silly packumentCache full:https://registry.npmjs.org/core-util-is cache-miss
420 http cache https://registry.npmjs.org/once 22ms (cache hit)
421 silly packumentCache full:https://registry.npmjs.org/once set size:11752 disposed:false
422 silly fetch manifest string_decoder@~1.1.1
423 silly packumentCache full:https://registry.npmjs.org/string_decoder cache-miss
424 http fetch GET 200 https://registry.npmjs.org/fs.realpath 31ms (cache miss)
425 silly packumentCache full:https://registry.npmjs.org/fs.realpath set size:undefined disposed:false
426 silly fetch manifest util-deprecate@~1.0.1
427 silly packumentCache full:https://registry.npmjs.org/util-deprecate cache-miss
428 http fetch GET 200 https://registry.npmjs.org/inflight 34ms (cache miss)
429 silly packumentCache full:https://registry.npmjs.org/inflight set size:undefined disposed:false
430 silly fetch manifest process-nextick-args@~2.0.0
431 silly packumentCache full:https://registry.npmjs.org/process-nextick-args cache-miss
432 http fetch GET 200 https://registry.npmjs.org/path-is-absolute 34ms (cache miss)
433 silly packumentCache full:https://registry.npmjs.org/path-is-absolute set size:undefined disposed:false
434 http cache https://registry.npmjs.org/string_decoder 16ms (cache hit)
435 silly packumentCache full:https://registry.npmjs.org/string_decoder set size:28441 disposed:false
436 http fetch GET 200 https://registry.npmjs.org/isarray 39ms (cache miss)
437 silly packumentCache full:https://registry.npmjs.org/isarray set size:undefined disposed:false
438 http cache https://registry.npmjs.org/util-deprecate 14ms (cache hit)
439 silly packumentCache full:https://registry.npmjs.org/util-deprecate set size:6674 disposed:false
440 http fetch GET 200 https://registry.npmjs.org/core-util-is 31ms (cache miss)
441 silly packumentCache full:https://registry.npmjs.org/core-util-is set size:undefined disposed:false
442 http fetch GET 200 https://registry.npmjs.org/safe-buffer 36ms (cache miss)
443 silly packumentCache full:https://registry.npmjs.org/safe-buffer set size:undefined disposed:false
444 http fetch GET 200 https://registry.npmjs.org/process-nextick-args 24ms (cache miss)
445 silly packumentCache full:https://registry.npmjs.org/process-nextick-args set size:undefined disposed:false
446 silly placeDep ROOT accepts@2.0.0 OK for: express@5.2.1 want: ^2.0.0
447 silly placeDep ROOT body-parser@2.3.0 OK for: express@5.2.1 want: ^2.2.1
448 silly placeDep ROOT content-disposition@1.1.0 OK for: express@5.2.1 want: ^1.0.0
449 silly placeDep ROOT content-type@1.0.5 OK for: express@5.2.1 want: ^1.0.5
450 silly placeDep ROOT cookie@0.7.2 OK for: express@5.2.1 want: ^0.7.1
451 silly placeDep ROOT cookie-signature@1.2.2 OK for: express@5.2.1 want: ^1.2.1
452 silly placeDep ROOT debug@4.4.3 OK for: express@5.2.1 want: ^4.4.0
453 silly placeDep ROOT depd@2.0.0 OK for: express@5.2.1 want: ^2.0.0
454 silly placeDep ROOT encodeurl@2.0.0 OK for: express@5.2.1 want: ^2.0.0
455 silly placeDep ROOT escape-html@1.0.3 OK for: express@5.2.1 want: ^1.0.3
456 silly placeDep ROOT etag@1.8.1 OK for: express@5.2.1 want: ^1.8.1
457 silly placeDep ROOT finalhandler@2.1.1 OK for: express@5.2.1 want: ^2.1.0
458 silly placeDep ROOT fresh@2.0.0 OK for: express@5.2.1 want: ^2.0.0
459 silly placeDep ROOT http-errors@2.0.1 OK for: express@5.2.1 want: ^2.0.0
460 silly placeDep ROOT merge-descriptors@2.0.0 OK for: express@5.2.1 want: ^2.0.0
461 silly placeDep ROOT mime-types@3.0.2 OK for: express@5.2.1 want: ^3.0.0
462 silly placeDep ROOT on-finished@2.4.1 OK for: express@5.2.1 want: ^2.4.1
463 silly placeDep ROOT once@1.4.0 OK for: express@5.2.1 want: ^1.4.0
464 silly placeDep ROOT parseurl@1.3.3 OK for: express@5.2.1 want: ^1.3.3
465 silly placeDep ROOT proxy-addr@2.0.7 OK for: express@5.2.1 want: ^2.0.7
466 silly placeDep ROOT qs@6.16.0 OK for: express@5.2.1 want: ^6.14.0
467 silly placeDep ROOT range-parser@1.3.0 OK for: express@5.2.1 want: ^1.2.1
468 silly placeDep ROOT router@2.2.0 OK for: express@5.2.1 want: ^2.2.0
469 silly placeDep ROOT send@1.2.1 OK for: express@5.2.1 want: ^1.1.0
470 silly placeDep ROOT serve-static@2.2.1 OK for: express@5.2.1 want: ^2.2.0
471 silly placeDep ROOT statuses@2.0.2 OK for: express@5.2.1 want: ^2.0.1
472 silly placeDep ROOT type-is@2.1.0 OK for: express@5.2.1 want: ^2.0.1
473 silly placeDep ROOT vary@1.1.2 OK for: express@5.2.1 want: ^1.1.2
474 silly fetch manifest negotiator@^1.0.0
475 silly packumentCache full:https://registry.npmjs.org/negotiator cache-miss
476 silly fetch manifest qs@^6.15.2
477 silly packumentCache full:https://registry.npmjs.org/qs cache-miss
478 silly fetch manifest bytes@^3.1.2
479 silly packumentCache full:https://registry.npmjs.org/bytes cache-miss
480 silly fetch manifest debug@^4.4.3
481 silly packumentCache full:https://registry.npmjs.org/debug cache-miss
482 silly fetch manifest type-is@^2.1.0
483 silly packumentCache full:https://registry.npmjs.org/type-is cache-hit
484 silly fetch manifest raw-body@^3.0.2
485 silly packumentCache full:https://registry.npmjs.org/raw-body cache-miss
486 silly fetch manifest iconv-lite@^0.7.2
487 silly packumentCache full:https://registry.npmjs.org/iconv-lite cache-miss
488 silly fetch manifest http-errors@^2.0.1
489 silly packumentCache full:https://registry.npmjs.org/http-errors cache-miss
490 http cache https://registry.npmjs.org/qs 16ms (cache hit)
491 silly packumentCache full:https://registry.npmjs.org/qs set size:365613 disposed:false
492 silly fetch manifest content-type@^2.0.0
493 silly packumentCache full:https://registry.npmjs.org/content-type cache-miss
494 http cache https://registry.npmjs.org/debug 22ms (cache hit)
495 silly packumentCache full:https://registry.npmjs.org/debug set size:195840 disposed:false
496 silly fetch manifest ms@^2.1.3
497 silly packumentCache full:https://registry.npmjs.org/ms cache-miss
498 http cache https://registry.npmjs.org/http-errors 22ms (cache hit)
499 silly packumentCache full:https://registry.npmjs.org/http-errors set size:71987 disposed:false
500 silly fetch manifest inherits@~2.0.4
501 silly packumentCache full:https://registry.npmjs.org/inherits cache-hit
502 silly fetch manifest setprototypeof@~1.2.0
503 silly packumentCache full:https://registry.npmjs.org/setprototypeof cache-miss
504 http fetch GET 200 https://registry.npmjs.org/negotiator 39ms (cache miss)
505 silly packumentCache full:https://registry.npmjs.org/negotiator set size:undefined disposed:false
506 silly fetch manifest statuses@~2.0.2
507 silly packumentCache full:https://registry.npmjs.org/statuses cache-miss
508 http cache https://registry.npmjs.org/content-type 20ms (cache hit)
509 silly packumentCache full:https://registry.npmjs.org/content-type set size:26824 disposed:false
510 silly fetch manifest toidentifier@~1.0.1
511 silly packumentCache full:https://registry.npmjs.org/toidentifier cache-miss
512 http fetch GET 200 https://registry.npmjs.org/bytes 42ms (cache miss)
513 silly packumentCache full:https://registry.npmjs.org/bytes set size:undefined disposed:false
514 silly fetch manifest mime-db@^1.54.0
515 silly packumentCache full:https://registry.npmjs.org/mime-db cache-miss
516 http fetch GET 200 https://registry.npmjs.org/iconv-lite 47ms (cache miss)
517 silly packumentCache full:https://registry.npmjs.org/iconv-lite set size:undefined disposed:false
518 silly fetch manifest ee-first@1.1.1
519 silly packumentCache full:https://registry.npmjs.org/ee-first cache-miss
520 http fetch GET 200 https://registry.npmjs.org/raw-body 51ms (cache miss)
521 silly packumentCache full:https://registry.npmjs.org/raw-body set size:undefined disposed:false
522 silly fetch manifest wrappy@1
523 silly packumentCache full:https://registry.npmjs.org/wrappy cache-miss
524 http cache https://registry.npmjs.org/statuses 17ms (cache hit)
525 silly packumentCache full:https://registry.npmjs.org/statuses set size:37117 disposed:false
526 silly fetch manifest forwarded@0.2.0
527 silly packumentCache full:https://registry.npmjs.org/forwarded cache-miss
528 http fetch GET 200 https://registry.npmjs.org/setprototypeof 35ms (cache miss)
529 silly packumentCache full:https://registry.npmjs.org/setprototypeof set size:undefined disposed:false
530 silly fetch manifest ipaddr.js@1.9.1
531 silly packumentCache full:https://registry.npmjs.org/ipaddr.js cache-miss
532 http fetch GET 200 https://registry.npmjs.org/ms 40ms (cache miss)
533 silly packumentCache full:https://registry.npmjs.org/ms set size:undefined disposed:false
534 silly fetch manifest side-channel@^1.1.1
535 silly packumentCache full:https://registry.npmjs.org/side-channel cache-miss
536 http fetch GET 200 https://registry.npmjs.org/toidentifier 30ms (cache miss)
537 silly packumentCache full:https://registry.npmjs.org/toidentifier set size:undefined disposed:false
538 silly fetch manifest es-define-property@^1.0.1
539 silly packumentCache full:https://registry.npmjs.org/es-define-property cache-miss
540 http fetch GET 200 https://registry.npmjs.org/wrappy 27ms (cache miss)
541 silly packumentCache full:https://registry.npmjs.org/wrappy set size:undefined disposed:false
542 silly fetch manifest is-promise@^4.0.0
543 silly packumentCache full:https://registry.npmjs.org/is-promise cache-miss
544 http fetch GET 200 https://registry.npmjs.org/ee-first 36ms (cache miss)
545 silly packumentCache full:https://registry.npmjs.org/ee-first set size:undefined disposed:false
546 silly fetch manifest path-to-regexp@^8.0.0
547 silly packumentCache full:https://registry.npmjs.org/path-to-regexp cache-miss
548 http fetch GET 200 https://registry.npmjs.org/mime-db 47ms (cache miss)
549 silly packumentCache full:https://registry.npmjs.org/mime-db set size:undefined disposed:false
550 silly fetch manifest statuses@^2.0.2
551 silly packumentCache full:https://registry.npmjs.org/statuses cache-hit
552 silly fetch manifest media-typer@^1.1.0
553 silly packumentCache full:https://registry.npmjs.org/media-typer cache-miss
554 http fetch GET 200 https://registry.npmjs.org/forwarded 37ms (cache miss)
555 silly packumentCache full:https://registry.npmjs.org/forwarded set size:undefined disposed:false
556 http fetch GET 200 https://registry.npmjs.org/side-channel 34ms (cache miss)
557 silly packumentCache full:https://registry.npmjs.org/side-channel set size:undefined disposed:false
558 http fetch GET 200 https://registry.npmjs.org/ipaddr.js 40ms (cache miss)
559 silly packumentCache full:https://registry.npmjs.org/ipaddr.js set size:undefined disposed:false
560 http fetch GET 200 https://registry.npmjs.org/es-define-property 31ms (cache miss)
561 silly packumentCache full:https://registry.npmjs.org/es-define-property set size:undefined disposed:false
562 http fetch GET 200 https://registry.npmjs.org/is-promise 25ms (cache miss)
563 silly packumentCache full:https://registry.npmjs.org/is-promise set size:undefined disposed:false
564 http fetch GET 200 https://registry.npmjs.org/path-to-regexp 29ms (cache miss)
565 silly packumentCache full:https://registry.npmjs.org/path-to-regexp set size:undefined disposed:false
566 http fetch GET 200 https://registry.npmjs.org/media-typer 29ms (cache miss)
567 silly packumentCache full:https://registry.npmjs.org/media-typer set size:undefined disposed:false
568 silly placeDep ROOT negotiator@1.1.0 OK for: accepts@2.0.0 want: ^1.0.0
569 silly fetch manifest content-type@^2.1.0
570 silly packumentCache full:https://registry.npmjs.org/content-type cache-hit
571 silly placeDep ROOT bytes@3.1.2 OK for: body-parser@2.3.0 want: ^3.1.2
572 silly placeDep node_modules/body-parser content-type@2.1.0 OK for: body-parser@2.3.0 want: ^2.0.0
573 silly placeDep ROOT iconv-lite@0.7.3 OK for: body-parser@2.3.0 want: ^0.7.2
574 silly placeDep ROOT raw-body@3.0.2 OK for: body-parser@2.3.0 want: ^3.0.2
575 silly fetch manifest safer-buffer@>= 2.1.2 < 3.0.0
576 silly packumentCache full:https://registry.npmjs.org/safer-buffer cache-miss
577 silly fetch manifest unpipe@~1.0.0
578 silly packumentCache full:https://registry.npmjs.org/unpipe cache-miss
579 http fetch GET 200 https://registry.npmjs.org/unpipe 21ms (cache miss)
580 silly packumentCache full:https://registry.npmjs.org/unpipe set size:undefined disposed:false
581 http fetch GET 200 https://registry.npmjs.org/safer-buffer 23ms (cache miss)
582 silly packumentCache full:https://registry.npmjs.org/safer-buffer set size:undefined disposed:false
583 silly placeDep ROOT ms@2.1.3 OK for: debug@4.4.3 want: ^2.1.3
584 silly placeDep ROOT @fast-csv/format@4.3.5 OK for: fast-csv@4.3.6 want: 4.3.5
585 silly placeDep ROOT @fast-csv/parse@4.3.6 OK for: fast-csv@4.3.6 want: 4.3.6
586 silly fetch manifest @types/node@^14.0.1
587 silly packumentCache full:https://registry.npmjs.org/@types%2fnode cache-miss
588 silly fetch manifest lodash.isnil@^4.0.0
589 silly packumentCache full:https://registry.npmjs.org/lodash.isnil cache-miss
590 silly fetch manifest lodash.isequal@^4.5.0
591 silly packumentCache full:https://registry.npmjs.org/lodash.isequal cache-miss
592 silly fetch manifest lodash.isboolean@^3.0.3
593 silly packumentCache full:https://registry.npmjs.org/lodash.isboolean cache-miss
594 silly fetch manifest lodash.isfunction@^3.0.9
595 silly packumentCache full:https://registry.npmjs.org/lodash.isfunction cache-miss
596 silly fetch manifest lodash.escaperegexp@^4.1.2
597 silly packumentCache full:https://registry.npmjs.org/lodash.escaperegexp cache-miss
598 silly fetch manifest @types/node@^14.0.1
599 silly packumentCache full:https://registry.npmjs.org/@types%2fnode cache-miss
600 http cache https://registry.npmjs.org/@types%2fnode 40ms (cache hit)
601 silly packumentCache full:https://registry.npmjs.org/@types%2fnode set size:11119029 disposed:false
602 silly fetch manifest lodash.uniq@^4.5.0
603 silly packumentCache full:https://registry.npmjs.org/lodash.uniq cache-miss
604 http cache https://registry.npmjs.org/@types%2fnode 160ms (cache hit)
605 silly packumentCache full:https://registry.npmjs.org/@types%2fnode set size:11119029 disposed:false
606 silly fetch manifest lodash.isnil@^4.0.0
607 silly packumentCache full:https://registry.npmjs.org/lodash.isnil cache-miss
608 http fetch GET 200 https://registry.npmjs.org/lodash.isnil 254ms (cache miss)
609 silly packumentCache full:https://registry.npmjs.org/lodash.isnil set size:undefined disposed:false
610 silly fetch manifest lodash.groupby@^4.6.0
611 silly packumentCache full:https://registry.npmjs.org/lodash.groupby cache-miss
612 http fetch GET 200 https://registry.npmjs.org/lodash.isboolean 258ms (cache miss)
613 silly packumentCache full:https://registry.npmjs.org/lodash.isboolean set size:undefined disposed:false
614 silly fetch manifest lodash.isfunction@^3.0.9
615 silly packumentCache full:https://registry.npmjs.org/lodash.isfunction cache-miss
616 http fetch GET 200 https://registry.npmjs.org/lodash.isequal 261ms (cache miss)
617 silly packumentCache full:https://registry.npmjs.org/lodash.isequal set size:undefined disposed:false
618 silly fetch manifest lodash.isundefined@^3.0.1
619 silly packumentCache full:https://registry.npmjs.org/lodash.isundefined cache-miss
620 http fetch GET 200 https://registry.npmjs.org/lodash.escaperegexp 263ms (cache miss)
621 silly packumentCache full:https://registry.npmjs.org/lodash.escaperegexp set size:undefined disposed:false
622 http fetch GET 200 https://registry.npmjs.org/lodash.isnil 42ms (cache miss)
623 silly packumentCache full:https://registry.npmjs.org/lodash.isnil set size:undefined disposed:false
624 http fetch GET 200 https://registry.npmjs.org/lodash.isfunction 266ms (cache miss)
625 silly packumentCache full:https://registry.npmjs.org/lodash.isfunction set size:undefined disposed:false
626 http fetch GET 200 https://registry.npmjs.org/lodash.uniq 131ms (cache miss)
627 silly packumentCache full:https://registry.npmjs.org/lodash.uniq set size:undefined disposed:false
628 http fetch GET 200 https://registry.npmjs.org/lodash.groupby 22ms (cache miss)
629 silly packumentCache full:https://registry.npmjs.org/lodash.groupby set size:undefined disposed:false
630 http fetch GET 200 https://registry.npmjs.org/lodash.isfunction 24ms (cache miss)
631 silly packumentCache full:https://registry.npmjs.org/lodash.isfunction set size:undefined disposed:false
632 http fetch GET 200 https://registry.npmjs.org/lodash.isundefined 24ms (cache miss)
633 silly packumentCache full:https://registry.npmjs.org/lodash.isundefined set size:undefined disposed:false
634 silly placeDep ROOT @types/node@14.18.63 OK for: @fast-csv/format@4.3.5 want: ^14.0.1
635 silly placeDep ROOT lodash.escaperegexp@4.1.2 OK for: @fast-csv/format@4.3.5 want: ^4.1.2
636 silly placeDep ROOT lodash.isboolean@3.0.3 OK for: @fast-csv/format@4.3.5 want: ^3.0.3
637 silly placeDep ROOT lodash.isequal@4.5.0 OK for: @fast-csv/format@4.3.5 want: ^4.5.0
638 silly placeDep ROOT lodash.isfunction@3.0.9 OK for: @fast-csv/format@4.3.5 want: ^3.0.9
639 silly placeDep ROOT lodash.isnil@4.0.0 OK for: @fast-csv/format@4.3.5 want: ^4.0.0
640 silly placeDep ROOT lodash.groupby@4.6.0 OK for: @fast-csv/parse@4.3.6 want: ^4.6.0
641 silly placeDep ROOT lodash.isundefined@3.0.1 OK for: @fast-csv/parse@4.3.6 want: ^3.0.1
642 silly placeDep ROOT lodash.uniq@4.5.0 OK for: @fast-csv/parse@4.3.6 want: ^4.5.0
643 silly placeDep ROOT fs.realpath@1.0.0 OK for: glob@7.2.3 want: ^1.0.0
644 silly placeDep ROOT inflight@1.0.6 OK for: glob@7.2.3 want: ^1.0.4
645 silly placeDep ROOT inherits@2.0.4 OK for: glob@7.2.3 want: 2
646 silly placeDep ROOT minimatch@3.1.5 OK for: glob@7.2.3 want: ^3.1.1
647 silly placeDep ROOT path-is-absolute@1.0.1 OK for: glob@7.2.3 want: ^1.0.0
648 silly fetch manifest brace-expansion@^1.1.7
649 silly packumentCache full:https://registry.npmjs.org/brace-expansion cache-miss
650 http fetch GET 200 https://registry.npmjs.org/brace-expansion 31ms (cache miss)
651 silly packumentCache full:https://registry.npmjs.org/brace-expansion set size:undefined disposed:false
652 silly placeDep ROOT setprototypeof@1.2.0 OK for: http-errors@2.0.1 want: ~1.2.0
653 silly placeDep ROOT toidentifier@1.0.1 OK for: http-errors@2.0.1 want: ~1.0.1
654 silly placeDep ROOT safer-buffer@2.1.2 OK for: iconv-lite@0.7.3 want: >= 2.1.2 < 3.0.0
655 silly placeDep ROOT wrappy@1.0.2 OK for: inflight@1.0.6 want: 1
656 silly placeDep ROOT lie@3.3.0 OK for: jszip@3.10.2 want: ~3.3.0
657 silly placeDep ROOT pako@1.0.11 OK for: jszip@3.10.2 want: ~1.0.2
658 silly placeDep node_modules/jszip readable-stream@2.3.8 OK for: jszip@3.10.2 want: ~2.3.6
659 silly placeDep ROOT setimmediate@1.0.5 OK for: jszip@3.10.2 want: ^1.0.5
660 silly fetch manifest immediate@~3.0.5
661 silly packumentCache full:https://registry.npmjs.org/immediate cache-miss
662 http fetch GET 200 https://registry.npmjs.org/immediate 21ms (cache miss)
663 silly packumentCache full:https://registry.npmjs.org/immediate set size:undefined disposed:false
664 silly placeDep node_modules/lazystream readable-stream@2.3.8 OK for: lazystream@1.0.1 want: ^2.0.5
665 silly placeDep ROOT immediate@3.0.6 OK for: lie@3.3.0 want: ~3.0.5
666 silly placeDep ROOT mime-db@1.54.0 OK for: mime-types@3.0.2 want: ^1.54.0
667 silly placeDep ROOT brace-expansion@1.1.18 OK for: minimatch@3.1.5 want: ^1.1.7
668 silly fetch manifest concat-map@0.0.1
669 silly packumentCache full:https://registry.npmjs.org/concat-map cache-miss
670 silly fetch manifest balanced-match@^1.0.0
671 silly packumentCache full:https://registry.npmjs.org/balanced-match cache-miss
672 http fetch GET 200 https://registry.npmjs.org/concat-map 21ms (cache miss)
673 silly packumentCache full:https://registry.npmjs.org/concat-map set size:undefined disposed:false
674 http fetch GET 200 https://registry.npmjs.org/balanced-match 24ms (cache miss)
675 silly packumentCache full:https://registry.npmjs.org/balanced-match set size:undefined disposed:false
676 silly placeDep ROOT balanced-match@1.0.2 OK for: brace-expansion@1.1.18 want: ^1.0.0
677 silly placeDep ROOT concat-map@0.0.1 OK for: brace-expansion@1.1.18 want: 0.0.1
678 silly placeDep ROOT append-field@1.0.0 OK for: multer@2.4.0 want: ^1.0.0
679 silly placeDep ROOT busboy@1.6.0 OK for: multer@2.4.0 want: ^1.6.0
680 silly placeDep node_modules/multer type-is@1.6.18 OK for: multer@2.4.0 want: ^1.6.18
681 silly fetch manifest streamsearch@^1.1.0
682 silly packumentCache full:https://registry.npmjs.org/streamsearch cache-miss
683 silly fetch manifest mime-types@~2.1.24
684 silly packumentCache full:https://registry.npmjs.org/mime-types cache-miss
685 silly fetch manifest media-typer@0.3.0
686 silly packumentCache full:https://registry.npmjs.org/media-typer cache-miss
687 http cache https://registry.npmjs.org/mime-types 6ms (cache hit)
688 silly packumentCache full:https://registry.npmjs.org/mime-types set size:139110 disposed:false
689 http cache https://registry.npmjs.org/media-typer 8ms (cache hit)
690 silly packumentCache full:https://registry.npmjs.org/media-typer set size:22074 disposed:false
691 http fetch GET 200 https://registry.npmjs.org/streamsearch 21ms (cache miss)
692 silly packumentCache full:https://registry.npmjs.org/streamsearch set size:undefined disposed:false
693 silly placeDep ROOT streamsearch@1.1.0 OK for: busboy@1.6.0 want: ^1.1.0
694 silly placeDep node_modules/negotiator content-type@2.1.0 OK for: negotiator@1.1.0 want: ^2.1.0
695 silly placeDep ROOT ee-first@1.1.1 OK for: on-finished@2.4.1 want: 1.1.1
696 silly placeDep node_modules/pptxgenjs @types/node@22.20.2 OK for: pptxgenjs@4.0.1 want: ^22.8.1
697 silly placeDep ROOT https@1.0.0 OK for: pptxgenjs@4.0.1 want: ^1.0.0
698 silly placeDep ROOT image-size@1.2.1 OK for: pptxgenjs@4.0.1 want: ^1.2.1
699 silly fetch manifest undici-types@~6.21.0
700 silly packumentCache full:https://registry.npmjs.org/undici-types cache-miss
701 silly fetch manifest queue@6.0.2
702 silly packumentCache full:https://registry.npmjs.org/queue cache-miss
703 http fetch GET 200 https://registry.npmjs.org/queue 24ms (cache miss)
704 silly packumentCache full:https://registry.npmjs.org/queue set size:undefined disposed:false
705 http fetch GET 200 https://registry.npmjs.org/undici-types 30ms (cache miss)
706 silly packumentCache full:https://registry.npmjs.org/undici-types set size:undefined disposed:false
707 silly placeDep ROOT queue@6.0.2 OK for: image-size@1.2.1 want: 6.0.2
708 silly placeDep ROOT forwarded@0.2.0 OK for: proxy-addr@2.0.7 want: 0.2.0
709 silly placeDep ROOT ipaddr.js@1.9.1 OK for: proxy-addr@2.0.7 want: 1.9.1
710 silly placeDep ROOT es-define-property@1.0.1 OK for: qs@6.16.0 want: ^1.0.1
711 silly placeDep ROOT side-channel@1.1.1 OK for: qs@6.16.0 want: ^1.1.1
712 silly fetch manifest es-errors@^1.3.0
713 silly packumentCache full:https://registry.npmjs.org/es-errors cache-miss
714 silly fetch manifest object-inspect@^1.13.4
715 silly packumentCache full:https://registry.npmjs.org/object-inspect cache-miss
716 silly fetch manifest side-channel-list@^1.0.1
717 silly packumentCache full:https://registry.npmjs.org/side-channel-list cache-miss
718 silly fetch manifest side-channel-map@^1.0.1
719 silly packumentCache full:https://registry.npmjs.org/side-channel-map cache-miss
720 silly fetch manifest side-channel-weakmap@^1.0.2
721 silly packumentCache full:https://registry.npmjs.org/side-channel-weakmap cache-miss
722 http fetch GET 200 https://registry.npmjs.org/side-channel-list 27ms (cache miss)
723 silly packumentCache full:https://registry.npmjs.org/side-channel-list set size:undefined disposed:false
724 http fetch GET 200 https://registry.npmjs.org/side-channel-map 30ms (cache miss)
725 silly packumentCache full:https://registry.npmjs.org/side-channel-map set size:undefined disposed:false
726 http fetch GET 200 https://registry.npmjs.org/es-errors 31ms (cache miss)
727 silly packumentCache full:https://registry.npmjs.org/es-errors set size:undefined disposed:false
728 http fetch GET 200 https://registry.npmjs.org/side-channel-weakmap 31ms (cache miss)
729 silly packumentCache full:https://registry.npmjs.org/side-channel-weakmap set size:undefined disposed:false
730 http fetch GET 200 https://registry.npmjs.org/object-inspect 34ms (cache miss)
731 silly packumentCache full:https://registry.npmjs.org/object-inspect set size:undefined disposed:false
732 silly placeDep ROOT unpipe@1.0.0 OK for: raw-body@3.0.2 want: ~1.0.0
733 silly placeDep ROOT string_decoder@1.3.0 OK for: readable-stream@3.6.2 want: ^1.1.1
734 silly placeDep ROOT util-deprecate@1.0.2 OK for: readable-stream@3.6.2 want: ^1.0.1
735 silly fetch manifest safe-buffer@~5.2.0
736 silly packumentCache full:https://registry.npmjs.org/safe-buffer cache-miss
737 http cache https://registry.npmjs.org/safe-buffer 6ms (cache hit)
738 silly packumentCache full:https://registry.npmjs.org/safe-buffer set size:41183 disposed:false
739 silly placeDep node_modules/readdir-glob minimatch@5.1.9 OK for: readdir-glob@1.1.3 want: ^5.1.0
740 silly fetch manifest brace-expansion@^2.0.1
741 silly packumentCache full:https://registry.npmjs.org/brace-expansion cache-miss
742 http cache https://registry.npmjs.org/brace-expansion 4ms (cache hit)
743 silly packumentCache full:https://registry.npmjs.org/brace-expansion set size:101024 disposed:false
744 silly placeDep ROOT is-promise@4.0.0 OK for: router@2.2.0 want: ^4.0.0
745 silly placeDep ROOT path-to-regexp@8.4.2 OK for: router@2.2.0 want: ^8.0.0
746 silly placeDep ROOT xmlchars@2.2.0 OK for: saxes@5.0.1 want: ^2.2.0
747 silly placeDep ROOT es-errors@1.3.0 OK for: side-channel@1.1.1 want: ^1.3.0
748 silly placeDep ROOT object-inspect@1.13.4 OK for: side-channel@1.1.1 want: ^1.13.4
749 silly placeDep ROOT side-channel-list@1.0.1 OK for: side-channel@1.1.1 want: ^1.0.1
750 silly placeDep ROOT side-channel-map@1.0.1 OK for: side-channel@1.1.1 want: ^1.0.1
751 silly placeDep ROOT side-channel-weakmap@1.0.2 OK for: side-channel@1.1.1 want: ^1.0.2
752 silly fetch manifest call-bound@^1.0.2
753 silly packumentCache full:https://registry.npmjs.org/call-bound cache-miss
754 silly fetch manifest get-intrinsic@^1.2.5
755 silly packumentCache full:https://registry.npmjs.org/get-intrinsic cache-miss
756 silly fetch manifest call-bound@^1.0.2
757 silly packumentCache full:https://registry.npmjs.org/call-bound cache-miss
758 silly fetch manifest get-intrinsic@^1.2.5
759 silly packumentCache full:https://registry.npmjs.org/get-intrinsic cache-miss
760 http fetch GET 200 https://registry.npmjs.org/call-bound 27ms (cache miss)
761 silly packumentCache full:https://registry.npmjs.org/call-bound set size:undefined disposed:false
762 http fetch GET 200 https://registry.npmjs.org/call-bound 30ms (cache miss)
763 silly packumentCache full:https://registry.npmjs.org/call-bound set size:undefined disposed:false
764 http fetch GET 200 https://registry.npmjs.org/get-intrinsic 31ms (cache miss)
765 silly packumentCache full:https://registry.npmjs.org/get-intrinsic set size:undefined disposed:false
766 http fetch GET 200 https://registry.npmjs.org/get-intrinsic 32ms (cache miss)
767 silly packumentCache full:https://registry.npmjs.org/get-intrinsic set size:undefined disposed:false
768 silly placeDep ROOT call-bound@1.0.4 OK for: side-channel-map@1.0.1 want: ^1.0.2
769 silly placeDep ROOT get-intrinsic@1.3.0 OK for: side-channel-map@1.0.1 want: ^1.2.5
770 silly fetch manifest call-bind-apply-helpers@^1.0.2
771 silly packumentCache full:https://registry.npmjs.org/call-bind-apply-helpers cache-miss
772 silly fetch manifest get-intrinsic@^1.3.0
773 silly packumentCache full:https://registry.npmjs.org/get-intrinsic cache-miss
774 silly fetch manifest gopd@^1.2.0
775 silly packumentCache full:https://registry.npmjs.org/gopd cache-miss
776 silly fetch manifest hasown@^2.0.2
777 silly packumentCache full:https://registry.npmjs.org/hasown cache-miss
778 silly fetch manifest get-proto@^1.0.1
779 silly packumentCache full:https://registry.npmjs.org/get-proto cache-miss
780 silly fetch manifest has-symbols@^1.1.0
781 silly packumentCache full:https://registry.npmjs.org/has-symbols cache-miss
782 silly fetch manifest function-bind@^1.1.2
783 silly packumentCache full:https://registry.npmjs.org/function-bind cache-miss
784 http cache https://registry.npmjs.org/get-intrinsic 11ms (cache hit)
785 silly packumentCache full:https://registry.npmjs.org/get-intrinsic set size:60985 disposed:false
786 silly fetch manifest es-object-atoms@^1.1.1
787 silly packumentCache full:https://registry.npmjs.org/es-object-atoms cache-miss
788 http fetch GET 200 https://registry.npmjs.org/call-bind-apply-helpers 34ms (cache miss)
789 silly packumentCache full:https://registry.npmjs.org/call-bind-apply-helpers set size:undefined disposed:false
790 silly fetch manifest math-intrinsics@^1.1.0
791 silly packumentCache full:https://registry.npmjs.org/math-intrinsics cache-miss
792 http fetch GET 200 https://registry.npmjs.org/hasown 36ms (cache miss)
793 silly packumentCache full:https://registry.npmjs.org/hasown set size:undefined disposed:false
794 http fetch GET 200 https://registry.npmjs.org/get-proto 38ms (cache miss)
795 silly packumentCache full:https://registry.npmjs.org/get-proto set size:undefined disposed:false
796 http fetch GET 200 https://registry.npmjs.org/gopd 41ms (cache miss)
797 silly packumentCache full:https://registry.npmjs.org/gopd set size:undefined disposed:false
798 http fetch GET 200 https://registry.npmjs.org/function-bind 40ms (cache miss)
799 silly packumentCache full:https://registry.npmjs.org/function-bind set size:undefined disposed:false
800 http fetch GET 200 https://registry.npmjs.org/es-object-atoms 31ms (cache miss)
801 silly packumentCache full:https://registry.npmjs.org/es-object-atoms set size:undefined disposed:false
802 http fetch GET 200 https://registry.npmjs.org/has-symbols 42ms (cache miss)
803 silly packumentCache full:https://registry.npmjs.org/has-symbols set size:undefined disposed:false
804 http fetch GET 200 https://registry.npmjs.org/math-intrinsics 24ms (cache miss)
805 silly packumentCache full:https://registry.npmjs.org/math-intrinsics set size:undefined disposed:false
806 silly placeDep ROOT call-bind-apply-helpers@1.0.2 OK for: call-bound@1.0.4 want: ^1.0.2
807 silly placeDep ROOT function-bind@1.1.2 OK for: call-bind-apply-helpers@1.0.2 want: ^1.1.2
808 silly placeDep ROOT es-object-atoms@1.1.2 OK for: get-intrinsic@1.3.0 want: ^1.1.1
809 silly placeDep ROOT get-proto@1.0.1 OK for: get-intrinsic@1.3.0 want: ^1.0.1
810 silly placeDep ROOT gopd@1.2.0 OK for: get-intrinsic@1.3.0 want: ^1.2.0
811 silly placeDep ROOT has-symbols@1.1.0 OK for: get-intrinsic@1.3.0 want: ^1.1.0
812 silly placeDep ROOT hasown@2.0.4 OK for: get-intrinsic@1.3.0 want: ^2.0.2
813 silly placeDep ROOT math-intrinsics@1.1.0 OK for: get-intrinsic@1.3.0 want: ^1.1.0
814 silly fetch manifest dunder-proto@^1.0.1
815 silly packumentCache full:https://registry.npmjs.org/dunder-proto cache-miss
816 http fetch GET 200 https://registry.npmjs.org/dunder-proto 24ms (cache miss)
817 silly packumentCache full:https://registry.npmjs.org/dunder-proto set size:undefined disposed:false
818 silly placeDep ROOT dunder-proto@1.0.1 OK for: get-proto@1.0.1 want: ^1.0.1
819 silly placeDep ROOT safe-buffer@5.2.1 OK for: string_decoder@1.3.0 want: ~5.2.0
820 silly placeDep ROOT bl@4.1.0 OK for: tar-stream@2.2.0 want: ^4.0.3
821 silly placeDep ROOT end-of-stream@1.4.5 OK for: tar-stream@2.2.0 want: ^1.4.1
822 silly placeDep ROOT fs-constants@1.0.0 OK for: tar-stream@2.2.0 want: ^1.0.0
823 silly fetch manifest buffer@^5.5.0
824 silly packumentCache full:https://registry.npmjs.org/buffer cache-miss
825 http fetch GET 200 https://registry.npmjs.org/buffer 32ms (cache miss)
826 silly packumentCache full:https://registry.npmjs.org/buffer set size:undefined disposed:false
827 silly placeDep ROOT buffer@5.7.1 OK for: bl@4.1.0 want: ^5.5.0
828 silly fetch manifest base64-js@^1.3.1
829 silly packumentCache full:https://registry.npmjs.org/base64-js cache-miss
830 silly fetch manifest ieee754@^1.1.13
831 silly packumentCache full:https://registry.npmjs.org/ieee754 cache-miss
832 http fetch GET 200 https://registry.npmjs.org/ieee754 27ms (cache miss)
833 silly packumentCache full:https://registry.npmjs.org/ieee754 set size:undefined disposed:false
834 http fetch GET 200 https://registry.npmjs.org/base64-js 28ms (cache miss)
835 silly packumentCache full:https://registry.npmjs.org/base64-js set size:undefined disposed:false
836 silly placeDep ROOT base64-js@1.5.1 OK for: buffer@5.7.1 want: ^1.3.1
837 silly placeDep ROOT ieee754@1.2.1 OK for: buffer@5.7.1 want: ^1.1.13
838 silly placeDep node_modules/type-is content-type@2.1.0 OK for: type-is@2.1.0 want: ^2.0.0
839 silly placeDep ROOT media-typer@1.1.1 OK for: type-is@2.1.0 want: ^1.1.0
840 silly placeDep ROOT big-integer@1.6.52 OK for: unzipper@0.10.14 want: ^1.6.17
841 silly placeDep ROOT binary@0.3.0 OK for: unzipper@0.10.14 want: ~0.3.0
842 silly placeDep ROOT bluebird@3.4.7 OK for: unzipper@0.10.14 want: ~3.4.1
843 silly placeDep ROOT buffer-indexof-polyfill@1.0.2 OK for: unzipper@0.10.14 want: ~1.0.0
844 silly placeDep ROOT duplexer2@0.1.4 OK for: unzipper@0.10.14 want: ~0.1.4
845 silly placeDep ROOT fstream@1.0.12 OK for: unzipper@0.10.14 want: ^1.0.12
846 silly placeDep ROOT listenercount@1.0.1 OK for: unzipper@0.10.14 want: ~1.0.1
847 silly placeDep node_modules/unzipper readable-stream@2.3.8 OK for: unzipper@0.10.14 want: ~2.3.6
848 silly fetch manifest chainsaw@~0.1.0
849 silly packumentCache full:https://registry.npmjs.org/chainsaw cache-miss
850 silly fetch manifest buffers@~0.1.1
851 silly packumentCache full:https://registry.npmjs.org/buffers cache-miss
852 silly fetch manifest readable-stream@^2.0.2
853 silly packumentCache full:https://registry.npmjs.org/readable-stream cache-hit
854 silly fetch manifest mkdirp@>=0.5 0
855 silly packumentCache full:https://registry.npmjs.org/mkdirp cache-miss
856 silly fetch manifest rimraf@2
857 silly packumentCache full:https://registry.npmjs.org/rimraf cache-miss
858 http fetch GET 200 https://registry.npmjs.org/buffers 32ms (cache miss)
859 silly packumentCache full:https://registry.npmjs.org/buffers set size:undefined disposed:false
860 http fetch GET 200 https://registry.npmjs.org/chainsaw 33ms (cache miss)
861 silly packumentCache full:https://registry.npmjs.org/chainsaw set size:undefined disposed:false
862 http fetch GET 200 https://registry.npmjs.org/mkdirp 34ms (cache miss)
863 silly packumentCache full:https://registry.npmjs.org/mkdirp set size:undefined disposed:false
864 http fetch GET 200 https://registry.npmjs.org/rimraf 36ms (cache miss)
865 silly packumentCache full:https://registry.npmjs.org/rimraf set size:undefined disposed:false
866 silly placeDep ROOT buffers@0.1.1 OK for: binary@0.3.0 want: ~0.1.1
867 silly placeDep ROOT chainsaw@0.1.0 OK for: binary@0.3.0 want: ~0.1.0
868 silly fetch manifest traverse@>=0.3.0 <0.4
869 silly packumentCache full:https://registry.npmjs.org/traverse cache-miss
870 http fetch GET 200 https://registry.npmjs.org/traverse 24ms (cache miss)
871 silly packumentCache full:https://registry.npmjs.org/traverse set size:undefined disposed:false
872 silly placeDep ROOT traverse@0.3.9 OK for: chainsaw@0.1.0 want: >=0.3.0 <0.4
873 silly placeDep node_modules/duplexer2 readable-stream@2.3.8 OK for: duplexer2@0.1.4 want: ^2.0.2
874 silly placeDep ROOT mkdirp@0.5.6 OK for: fstream@1.0.12 want: >=0.5 0
875 silly placeDep ROOT rimraf@2.7.1 OK for: fstream@1.0.12 want: 2
876 silly fetch manifest minimist@^1.2.6
877 silly packumentCache full:https://registry.npmjs.org/minimist cache-miss
878 http fetch GET 200 https://registry.npmjs.org/minimist 28ms (cache miss)
879 silly packumentCache full:https://registry.npmjs.org/minimist set size:undefined disposed:false
880 silly placeDep ROOT minimist@1.2.8 OK for: mkdirp@0.5.6 want: ^1.2.6
881 silly placeDep node_modules/zip-stream archiver-utils@3.0.4 OK for: zip-stream@4.1.1 want: ^3.0.4
882 silly placeDep ROOT compress-commons@4.1.2 OK for: zip-stream@4.1.1 want: ^4.1.2
883 silly fetch manifest crc32-stream@^4.0.2
884 silly packumentCache full:https://registry.npmjs.org/crc32-stream cache-miss
885 http fetch GET 200 https://registry.npmjs.org/crc32-stream 26ms (cache miss)
886 silly packumentCache full:https://registry.npmjs.org/crc32-stream set size:undefined disposed:false
887 silly placeDep ROOT crc32-stream@4.0.3 OK for: compress-commons@4.1.2 want: ^4.0.2
888 silly fetch manifest crc-32@^1.2.0
889 silly packumentCache full:https://registry.npmjs.org/crc-32 cache-miss
890 http fetch GET 200 https://registry.npmjs.org/crc-32 26ms (cache miss)
891 silly packumentCache full:https://registry.npmjs.org/crc-32 set size:undefined disposed:false
892 silly placeDep ROOT crc-32@1.2.2 OK for: crc32-stream@4.0.3 want: ^1.2.0
893 silly placeDep ROOT core-util-is@1.0.3 OK for: readable-stream@2.3.8 want: ~1.0.0
894 silly placeDep ROOT isarray@1.0.0 OK for: readable-stream@2.3.8 want: ~1.0.0
895 silly placeDep ROOT process-nextick-args@2.0.1 OK for: readable-stream@2.3.8 want: ~2.0.0
896 silly placeDep node_modules/archiver-utils safe-buffer@5.1.2 OK for: readable-stream@2.3.8 want: ~5.1.1
897 silly placeDep node_modules/archiver-utils string_decoder@1.1.1 OK for: readable-stream@2.3.8 want: ~1.1.1
898 silly placeDep node_modules/duplexer2 safe-buffer@5.1.2 OK for: readable-stream@2.3.8 want: ~5.1.1
899 silly placeDep node_modules/duplexer2 string_decoder@1.1.1 OK for: readable-stream@2.3.8 want: ~1.1.1
900 silly placeDep node_modules/jszip safe-buffer@5.1.2 OK for: readable-stream@2.3.8 want: ~5.1.1
901 silly placeDep node_modules/jszip string_decoder@1.1.1 OK for: readable-stream@2.3.8 want: ~1.1.1
902 silly placeDep node_modules/lazystream safe-buffer@5.1.2 OK for: readable-stream@2.3.8 want: ~5.1.1
903 silly placeDep node_modules/lazystream string_decoder@1.1.1 OK for: readable-stream@2.3.8 want: ~1.1.1
904 silly placeDep node_modules/multer media-typer@0.3.0 OK for: type-is@1.6.18 want: 0.3.0
905 silly placeDep node_modules/multer mime-types@2.1.35 OK for: type-is@1.6.18 want: ~2.1.24
906 silly fetch manifest mime-db@1.52.0
907 silly packumentCache full:https://registry.npmjs.org/mime-db cache-miss
908 http cache https://registry.npmjs.org/mime-db 7ms (cache hit)
909 silly packumentCache full:https://registry.npmjs.org/mime-db set size:164953 disposed:false
910 silly placeDep node_modules/multer mime-db@1.52.0 OK for: mime-types@2.1.35 want: 1.52.0
911 silly placeDep ROOT undici-types@6.21.0 OK for: @types/node@22.20.2 want: ~6.21.0
912 silly placeDep node_modules/readdir-glob brace-expansion@2.1.4 OK for: minimatch@5.1.9 want: ^2.0.1
913 silly placeDep node_modules/unzipper safe-buffer@5.1.2 OK for: readable-stream@2.3.8 want: ~5.1.1
914 silly placeDep node_modules/unzipper string_decoder@1.1.1 OK for: readable-stream@2.3.8 want: ~1.1.1
915 silly reify moves {}
916 silly audit bulk request {
916 silly audit   exceljs: [ '4.4.0' ],
916 silly audit   express: [ '5.2.1' ],
916 silly audit   multer: [ '2.4.0' ],
916 silly audit   pptxgenjs: [ '4.0.1' ],
916 silly audit   archiver: [ '5.3.2' ],
916 silly audit   dayjs: [ '1.11.23' ],
916 silly audit   'fast-csv': [ '4.3.6' ],
916 silly audit   jszip: [ '3.10.2' ],
916 silly audit   'readable-stream': [ '3.6.2', '2.3.8' ],
916 silly audit   saxes: [ '5.0.1' ],
916 silly audit   tmp: [ '0.2.7' ],
916 silly audit   unzipper: [ '0.10.14' ],
916 silly audit   uuid: [ '8.3.2' ],
916 silly audit   'archiver-utils': [ '2.1.0', '3.0.4' ],
916 silly audit   async: [ '3.2.6' ],
916 silly audit   'buffer-crc32': [ '0.2.13' ],
916 silly audit   'readdir-glob': [ '1.1.3' ],
916 silly audit   'tar-stream': [ '2.2.0' ],
916 silly audit   'zip-stream': [ '4.1.1' ],
916 silly audit   glob: [ '7.2.3' ],
916 silly audit   'graceful-fs': [ '4.2.11' ],
916 silly audit   lazystream: [ '1.0.1' ],
916 silly audit   'lodash.defaults': [ '4.2.0' ],
916 silly audit   'lodash.difference': [ '4.5.0' ],
916 silly audit   'lodash.flatten': [ '4.4.0' ],
916 silly audit   'lodash.isplainobject': [ '4.0.6' ],
916 silly audit   'lodash.union': [ '4.6.0' ],
916 silly audit   'normalize-path': [ '3.0.0' ],
916 silly audit   accepts: [ '2.0.0' ],
916 silly audit   'body-parser': [ '2.3.0' ],
916 silly audit   'content-disposition': [ '1.1.0' ],
916 silly audit   'content-type': [ '1.0.5', '2.1.0' ],
916 silly audit   cookie: [ '0.7.2' ],
916 silly audit   'cookie-signature': [ '1.2.2' ],
916 silly audit   debug: [ '4.4.3' ],
916 silly audit   depd: [ '2.0.0' ],
916 silly audit   encodeurl: [ '2.0.0' ],
916 silly audit   'escape-html': [ '1.0.3' ],
916 silly audit   etag: [ '1.8.1' ],
916 silly audit   finalhandler: [ '2.1.1' ],
916 silly audit   fresh: [ '2.0.0' ],
916 silly audit   'http-errors': [ '2.0.1' ],
916 silly audit   'merge-descriptors': [ '2.0.0' ],
916 silly audit   'mime-types': [ '3.0.2', '2.1.35' ],
916 silly audit   'on-finished': [ '2.4.1' ],
916 silly audit   once: [ '1.4.0' ],
916 silly audit   parseurl: [ '1.3.3' ],
916 silly audit   'proxy-addr': [ '2.0.7' ],
916 silly audit   qs: [ '6.16.0' ],
916 silly audit   'range-parser': [ '1.3.0' ],
916 silly audit   router: [ '2.2.0' ],
916 silly audit   send: [ '1.2.1' ],
916 silly audit   'serve-static': [ '2.2.1' ],
916 silly audit   statuses: [ '2.0.2' ],
916 silly audit   'type-is': [ '2.1.0', '1.6.18' ],
916 silly audit   vary: [ '1.1.2' ],
916 silly audit   negotiator: [ '1.1.0' ],
916 silly audit   bytes: [ '3.1.2' ],
916 silly audit   'iconv-lite': [ '0.7.3' ],
916 silly audit   'raw-body': [ '3.0.2' ],
916 silly audit   ms: [ '2.1.3' ],
916 silly audit   '@fast-csv/format': [ '4.3.5' ],
916 silly audit   '@fast-csv/parse': [ '4.3.6' ],
916 silly audit   '@types/node': [ '14.18.63', '22.20.2' ],
916 silly audit   'lodash.escaperegexp': [ '4.1.2' ],
916 silly audit   'lodash.isboolean': [ '3.0.3' ],
916 silly audit   'lodash.isequal': [ '4.5.0' ],
916 silly audit   'lodash.isfunction': [ '3.0.9' ],
916 silly audit   'lodash.isnil': [ '4.0.0' ],
916 silly audit   'lodash.groupby': [ '4.6.0' ],
916 silly audit   'lodash.isundefined': [ '3.0.1' ],
916 silly audit   'lodash.uniq': [ '4.5.0' ],
916 silly audit   'fs.realpath': [ '1.0.0' ],
916 silly audit   inflight: [ '1.0.6' ],
916 silly audit   inherits: [ '2.0.4' ],
916 silly audit   minimatch: [ '3.1.5', '5.1.9' ],
916 silly audit   'path-is-absolute': [ '1.0.1' ],
916 silly audit   setprototypeof: [ '1.2.0' ],
916 silly audit   toidentifier: [ '1.0.1' ],
916 silly audit   'safer-buffer': [ '2.1.2' ],
916 silly audit   wrappy: [ '1.0.2' ],
916 silly audit   lie: [ '3.3.0' ],
916 silly audit   pako: [ '1.0.11' ],
916 silly audit   setimmediate: [ '1.0.5' ],
916 silly audit   immediate: [ '3.0.6' ],
916 silly audit   'mime-db': [ '1.54.0', '1.52.0' ],
916 silly audit   'brace-expansion': [ '1.1.18', '2.1.4' ],
916 silly audit   'balanced-match': [ '1.0.2' ],
916 silly audit   'concat-map': [ '0.0.1' ],
916 silly audit   'append-field': [ '1.0.0' ],
916 silly audit   busboy: [ '1.6.0' ],
916 silly audit   streamsearch: [ '1.1.0' ],
916 silly audit   'ee-first': [ '1.1.1' ],
916 silly audit   https: [ '1.0.0' ],
916 silly audit   'image-size': [ '1.2.1' ],
916 silly audit   queue: [ '6.0.2' ],
916 silly audit   forwarded: [ '0.2.0' ],
916 silly audit   'ipaddr.js': [ '1.9.1' ],
916 silly audit   'es-define-property': [ '1.0.1' ],
916 silly audit   'side-channel': [ '1.1.1' ],
916 silly audit   unpipe: [ '1.0.0' ],
916 silly audit   string_decoder: [ '1.3.0', '1.1.1' ],
916 silly audit   'util-deprecate': [ '1.0.2' ],
916 silly audit   'is-promise': [ '4.0.0' ],
916 silly audit   'path-to-regexp': [ '8.4.2' ],
916 silly audit   xmlchars: [ '2.2.0' ],
916 silly audit   'es-errors': [ '1.3.0' ],
916 silly audit   'object-inspect': [ '1.13.4' ],
916 silly audit   'side-channel-list': [ '1.0.1' ],
916 silly audit   'side-channel-map': [ '1.0.1' ],
916 silly audit   'side-channel-weakmap': [ '1.0.2' ],
916 silly audit   'call-bound': [ '1.0.4' ],
916 silly audit   'get-intrinsic': [ '1.3.0' ],
916 silly audit   'call-bind-apply-helpers': [ '1.0.2' ],
916 silly audit   'function-bind': [ '1.1.2' ],
916 silly audit   'es-object-atoms': [ '1.1.2' ],
916 silly audit   'get-proto': [ '1.0.1' ],
916 silly audit   gopd: [ '1.2.0' ],
916 silly audit   'has-symbols': [ '1.1.0' ],
916 silly audit   hasown: [ '2.0.4' ],
916 silly audit   'math-intrinsics': [ '1.1.0' ],
916 silly audit   'dunder-proto': [ '1.0.1' ],
916 silly audit   'safe-buffer': [ '5.2.1', '5.1.2' ],
916 silly audit   bl: [ '4.1.0' ],
916 silly audit   'end-of-stream': [ '1.4.5' ],
916 silly audit   'fs-constants': [ '1.0.0' ],
916 silly audit   buffer: [ '5.7.1' ],
916 silly audit   'base64-js': [ '1.5.1' ],
916 silly audit   ieee754: [ '1.2.1' ],
916 silly audit   'media-typer': [ '1.1.1', '0.3.0' ],
916 silly audit   'big-integer': [ '1.6.52' ],
916 silly audit   binary: [ '0.3.0' ],
916 silly audit   bluebird: [ '3.4.7' ],
916 silly audit   'buffer-indexof-polyfill': [ '1.0.2' ],
916 silly audit   duplexer2: [ '0.1.4' ],
916 silly audit   fstream: [ '1.0.12' ],
916 silly audit   listenercount: [ '1.0.1' ],
916 silly audit   buffers: [ '0.1.1' ],
916 silly audit   chainsaw: [ '0.1.0' ],
916 silly audit   traverse: [ '0.3.9' ],
916 silly audit   mkdirp: [ '0.5.6' ],
916 silly audit   rimraf: [ '2.7.1' ],
916 silly audit   minimist: [ '1.2.8' ],
916 silly audit   'compress-commons': [ '4.1.2' ],
916 silly audit   'crc32-stream': [ '4.0.3' ],
916 silly audit   'crc-32': [ '1.2.2' ],
916 silly audit   'core-util-is': [ '1.0.3' ],
916 silly audit   isarray: [ '1.0.0' ],
916 silly audit   'process-nextick-args': [ '2.0.1' ],
916 silly audit   'undici-types': [ '6.21.0' ]
916 silly audit }
917 http cache undici-types@https://registry.npmjs.org/undici-types/-/undici-types-6.21.0.tgz 0ms (cache hit)
918 http cache core-util-is@https://registry.npmjs.org/core-util-is/-/core-util-is-1.0.3.tgz 0ms (cache hit)
919 http cache isarray@https://registry.npmjs.org/isarray/-/isarray-1.0.0.tgz 1ms (cache hit)
920 http cache crc-32@https://registry.npmjs.org/crc-32/-/crc-32-1.2.2.tgz 0ms (cache hit)
921 http cache process-nextick-args@https://registry.npmjs.org/process-nextick-args/-/process-nextick-args-2.0.1.tgz 0ms (cache hit)
922 http cache crc32-stream@https://registry.npmjs.org/crc32-stream/-/crc32-stream-4.0.3.tgz 0ms (cache hit)
923 http cache minimist@https://registry.npmjs.org/minimist/-/minimist-1.2.8.tgz 0ms (cache hit)
924 http cache chainsaw@https://registry.npmjs.org/chainsaw/-/chainsaw-0.1.0.tgz 0ms (cache hit)
925 http cache compress-commons@https://registry.npmjs.org/compress-commons/-/compress-commons-4.1.2.tgz 0ms (cache hit)
926 http cache rimraf@https://registry.npmjs.org/rimraf/-/rimraf-2.7.1.tgz 0ms (cache hit)
927 http cache mkdirp@https://registry.npmjs.org/mkdirp/-/mkdirp-0.5.6.tgz 0ms (cache hit)
928 http cache traverse@https://registry.npmjs.org/traverse/-/traverse-0.3.9.tgz 0ms (cache hit)
929 http cache buffers@https://registry.npmjs.org/buffers/-/buffers-0.1.1.tgz 0ms (cache hit)
930 http cache listenercount@https://registry.npmjs.org/listenercount/-/listenercount-1.0.1.tgz 0ms (cache hit)
931 http cache fstream@https://registry.npmjs.org/fstream/-/fstream-1.0.12.tgz 0ms (cache hit)
932 http cache buffer-indexof-polyfill@https://registry.npmjs.org/buffer-indexof-polyfill/-/buffer-indexof-polyfill-1.0.2.tgz 0ms (cache hit)
933 http cache duplexer2@https://registry.npmjs.org/duplexer2/-/duplexer2-0.1.4.tgz 0ms (cache hit)
934 http cache bluebird@https://registry.npmjs.org/bluebird/-/bluebird-3.4.7.tgz 0ms (cache hit)
935 http cache binary@https://registry.npmjs.org/binary/-/binary-0.3.0.tgz 0ms (cache hit)
936 http cache big-integer@https://registry.npmjs.org/big-integer/-/big-integer-1.6.52.tgz 0ms (cache hit)
937 http cache ieee754@https://registry.npmjs.org/ieee754/-/ieee754-1.2.1.tgz 0ms (cache hit)
938 http cache media-typer@https://registry.npmjs.org/media-typer/-/media-typer-1.1.1.tgz 0ms (cache hit)
939 http cache buffer@https://registry.npmjs.org/buffer/-/buffer-5.7.1.tgz 0ms (cache hit)
940 http cache base64-js@https://registry.npmjs.org/base64-js/-/base64-js-1.5.1.tgz 0ms (cache hit)
941 http cache fs-constants@https://registry.npmjs.org/fs-constants/-/fs-constants-1.0.0.tgz 0ms (cache hit)
942 http cache bl@https://registry.npmjs.org/bl/-/bl-4.1.0.tgz 0ms (cache hit)
943 http cache safe-buffer@https://registry.npmjs.org/safe-buffer/-/safe-buffer-5.2.1.tgz 0ms (cache hit)
944 http cache end-of-stream@https://registry.npmjs.org/end-of-stream/-/end-of-stream-1.4.5.tgz 0ms (cache hit)
945 http cache dunder-proto@https://registry.npmjs.org/dunder-proto/-/dunder-proto-1.0.1.tgz 0ms (cache hit)
946 http cache math-intrinsics@https://registry.npmjs.org/math-intrinsics/-/math-intrinsics-1.1.0.tgz 0ms (cache hit)
947 http cache has-symbols@https://registry.npmjs.org/has-symbols/-/has-symbols-1.1.0.tgz 0ms (cache hit)
948 http cache hasown@https://registry.npmjs.org/hasown/-/hasown-2.0.4.tgz 0ms (cache hit)
949 http cache gopd@https://registry.npmjs.org/gopd/-/gopd-1.2.0.tgz 0ms (cache hit)
950 http cache get-proto@https://registry.npmjs.org/get-proto/-/get-proto-1.0.1.tgz 0ms (cache hit)
951 http cache es-object-atoms@https://registry.npmjs.org/es-object-atoms/-/es-object-atoms-1.1.2.tgz 0ms (cache hit)
952 http cache function-bind@https://registry.npmjs.org/function-bind/-/function-bind-1.1.2.tgz 0ms (cache hit)
953 http cache call-bind-apply-helpers@https://registry.npmjs.org/call-bind-apply-helpers/-/call-bind-apply-helpers-1.0.2.tgz 0ms (cache hit)
954 http cache call-bound@https://registry.npmjs.org/call-bound/-/call-bound-1.0.4.tgz 0ms (cache hit)
955 http cache side-channel-list@https://registry.npmjs.org/side-channel-list/-/side-channel-list-1.0.1.tgz 0ms (cache hit)
956 http cache get-intrinsic@https://registry.npmjs.org/get-intrinsic/-/get-intrinsic-1.3.0.tgz 0ms (cache hit)
957 http cache side-channel-weakmap@https://registry.npmjs.org/side-channel-weakmap/-/side-channel-weakmap-1.0.2.tgz 0ms (cache hit)
958 http cache side-channel-map@https://registry.npmjs.org/side-channel-map/-/side-channel-map-1.0.1.tgz 0ms (cache hit)
959 http cache object-inspect@https://registry.npmjs.org/object-inspect/-/object-inspect-1.13.4.tgz 0ms (cache hit)
960 http cache es-errors@https://registry.npmjs.org/es-errors/-/es-errors-1.3.0.tgz 0ms (cache hit)
961 http cache path-to-regexp@https://registry.npmjs.org/path-to-regexp/-/path-to-regexp-8.4.2.tgz 0ms (cache hit)
962 http cache xmlchars@https://registry.npmjs.org/xmlchars/-/xmlchars-2.2.0.tgz 0ms (cache hit)
963 http cache string_decoder@https://registry.npmjs.org/string_decoder/-/string_decoder-1.3.0.tgz 0ms (cache hit)
964 http cache is-promise@https://registry.npmjs.org/is-promise/-/is-promise-4.0.0.tgz 0ms (cache hit)
965 http cache util-deprecate@https://registry.npmjs.org/util-deprecate/-/util-deprecate-1.0.2.tgz 0ms (cache hit)
966 http cache side-channel@https://registry.npmjs.org/side-channel/-/side-channel-1.1.1.tgz 0ms (cache hit)
967 http cache unpipe@https://registry.npmjs.org/unpipe/-/unpipe-1.0.0.tgz 0ms (cache hit)
968 http cache es-define-property@https://registry.npmjs.org/es-define-property/-/es-define-property-1.0.1.tgz 0ms (cache hit)
969 http cache ipaddr.js@https://registry.npmjs.org/ipaddr.js/-/ipaddr.js-1.9.1.tgz 0ms (cache hit)
970 http cache forwarded@https://registry.npmjs.org/forwarded/-/forwarded-0.2.0.tgz 0ms (cache hit)
971 http cache image-size@https://registry.npmjs.org/image-size/-/image-size-1.2.1.tgz 0ms (cache hit)
972 http cache queue@https://registry.npmjs.org/queue/-/queue-6.0.2.tgz 0ms (cache hit)
973 http cache https@https://registry.npmjs.org/https/-/https-1.0.0.tgz 0ms (cache hit)
974 http cache ee-first@https://registry.npmjs.org/ee-first/-/ee-first-1.1.1.tgz 0ms (cache hit)
975 http cache streamsearch@https://registry.npmjs.org/streamsearch/-/streamsearch-1.1.0.tgz 0ms (cache hit)
976 http cache append-field@https://registry.npmjs.org/append-field/-/append-field-1.0.0.tgz 0ms (cache hit)
977 http cache busboy@https://registry.npmjs.org/busboy/-/busboy-1.6.0.tgz 0ms (cache hit)
978 http cache concat-map@https://registry.npmjs.org/concat-map/-/concat-map-0.0.1.tgz 0ms (cache hit)
979 http cache balanced-match@https://registry.npmjs.org/balanced-match/-/balanced-match-1.0.2.tgz 0ms (cache hit)
980 http cache brace-expansion@https://registry.npmjs.org/brace-expansion/-/brace-expansion-1.1.18.tgz 0ms (cache hit)
981 http cache mime-db@https://registry.npmjs.org/mime-db/-/mime-db-1.54.0.tgz 0ms (cache hit)
982 http cache setimmediate@https://registry.npmjs.org/setimmediate/-/setimmediate-1.0.5.tgz 0ms (cache hit)
983 http cache pako@https://registry.npmjs.org/pako/-/pako-1.0.11.tgz 0ms (cache hit)
984 http cache immediate@https://registry.npmjs.org/immediate/-/immediate-3.0.6.tgz 0ms (cache hit)
985 http cache lie@https://registry.npmjs.org/lie/-/lie-3.3.0.tgz 0ms (cache hit)
986 http cache wrappy@https://registry.npmjs.org/wrappy/-/wrappy-1.0.2.tgz 0ms (cache hit)
987 http cache safer-buffer@https://registry.npmjs.org/safer-buffer/-/safer-buffer-2.1.2.tgz 0ms (cache hit)
988 http cache toidentifier@https://registry.npmjs.org/toidentifier/-/toidentifier-1.0.1.tgz 0ms (cache hit)
989 http cache path-is-absolute@https://registry.npmjs.org/path-is-absolute/-/path-is-absolute-1.0.1.tgz 0ms (cache hit)
990 http cache setprototypeof@https://registry.npmjs.org/setprototypeof/-/setprototypeof-1.2.0.tgz 0ms (cache hit)
991 http cache minimatch@https://registry.npmjs.org/minimatch/-/minimatch-3.1.5.tgz 0ms (cache hit)
992 http cache inherits@https://registry.npmjs.org/inherits/-/inherits-2.0.4.tgz 0ms (cache hit)
993 http cache inflight@https://registry.npmjs.org/inflight/-/inflight-1.0.6.tgz 0ms (cache hit)
994 http cache lodash.uniq@https://registry.npmjs.org/lodash.uniq/-/lodash.uniq-4.5.0.tgz 0ms (cache hit)
995 http cache fs.realpath@https://registry.npmjs.org/fs.realpath/-/fs.realpath-1.0.0.tgz 0ms (cache hit)
996 http cache lodash.isundefined@https://registry.npmjs.org/lodash.isundefined/-/lodash.isundefined-3.0.1.tgz 0ms (cache hit)
997 http cache lodash.groupby@https://registry.npmjs.org/lodash.groupby/-/lodash.groupby-4.6.0.tgz 0ms (cache hit)
998 http cache lodash.isnil@https://registry.npmjs.org/lodash.isnil/-/lodash.isnil-4.0.0.tgz 0ms (cache hit)
999 http cache lodash.isfunction@https://registry.npmjs.org/lodash.isfunction/-/lodash.isfunction-3.0.9.tgz 0ms (cache hit)
1000 http cache lodash.isequal@https://registry.npmjs.org/lodash.isequal/-/lodash.isequal-4.5.0.tgz 0ms (cache hit)
1001 http cache @types/node@https://registry.npmjs.org/@types/node/-/node-14.18.63.tgz 0ms (cache hit)
1002 http cache lodash.isboolean@https://registry.npmjs.org/lodash.isboolean/-/lodash.isboolean-3.0.3.tgz 0ms (cache hit)
1003 http cache lodash.escaperegexp@https://registry.npmjs.org/lodash.escaperegexp/-/lodash.escaperegexp-4.1.2.tgz 0ms (cache hit)
1004 http cache raw-body@https://registry.npmjs.org/raw-body/-/raw-body-3.0.2.tgz 0ms (cache hit)
1005 http cache @fast-csv/format@https://registry.npmjs.org/@fast-csv/format/-/format-4.3.5.tgz 0ms (cache hit)
1006 http cache @fast-csv/parse@https://registry.npmjs.org/@fast-csv/parse/-/parse-4.3.6.tgz 0ms (cache hit)
1007 http cache ms@https://registry.npmjs.org/ms/-/ms-2.1.3.tgz 0ms (cache hit)
1008 http cache bytes@https://registry.npmjs.org/bytes/-/bytes-3.1.2.tgz 0ms (cache hit)
1009 http cache vary@https://registry.npmjs.org/vary/-/vary-1.1.2.tgz 0ms (cache hit)
1010 http cache negotiator@https://registry.npmjs.org/negotiator/-/negotiator-1.1.0.tgz 0ms (cache hit)
1011 http cache iconv-lite@https://registry.npmjs.org/iconv-lite/-/iconv-lite-0.7.3.tgz 0ms (cache hit)
1012 http cache serve-static@https://registry.npmjs.org/serve-static/-/serve-static-2.2.1.tgz 0ms (cache hit)
1013 http cache statuses@https://registry.npmjs.org/statuses/-/statuses-2.0.2.tgz 0ms (cache hit)
1014 http cache send@https://registry.npmjs.org/send/-/send-1.2.1.tgz 0ms (cache hit)
1015 http cache type-is@https://registry.npmjs.org/type-is/-/type-is-2.1.0.tgz 0ms (cache hit)
1016 http cache router@https://registry.npmjs.org/router/-/router-2.2.0.tgz 0ms (cache hit)
1017 http cache qs@https://registry.npmjs.org/qs/-/qs-6.16.0.tgz 0ms (cache hit)
1018 http cache range-parser@https://registry.npmjs.org/range-parser/-/range-parser-1.3.0.tgz 0ms (cache hit)
1019 http cache proxy-addr@https://registry.npmjs.org/proxy-addr/-/proxy-addr-2.0.7.tgz 0ms (cache hit)
1020 http cache parseurl@https://registry.npmjs.org/parseurl/-/parseurl-1.3.3.tgz 0ms (cache hit)
1021 http cache on-finished@https://registry.npmjs.org/on-finished/-/on-finished-2.4.1.tgz 0ms (cache hit)
1022 http cache merge-descriptors@https://registry.npmjs.org/merge-descriptors/-/merge-descriptors-2.0.0.tgz 0ms (cache hit)
1023 http cache once@https://registry.npmjs.org/once/-/once-1.4.0.tgz 0ms (cache hit)
1024 http cache mime-types@https://registry.npmjs.org/mime-types/-/mime-types-3.0.2.tgz 0ms (cache hit)
1025 http cache fresh@https://registry.npmjs.org/fresh/-/fresh-2.0.0.tgz 0ms (cache hit)
1026 http cache finalhandler@https://registry.npmjs.org/finalhandler/-/finalhandler-2.1.1.tgz 0ms (cache hit)
1027 http cache http-errors@https://registry.npmjs.org/http-errors/-/http-errors-2.0.1.tgz 0ms (cache hit)
1028 http cache etag@https://registry.npmjs.org/etag/-/etag-1.8.1.tgz 0ms (cache hit)
1029 http cache encodeurl@https://registry.npmjs.org/encodeurl/-/encodeurl-2.0.0.tgz 0ms (cache hit)
1030 http cache depd@https://registry.npmjs.org/depd/-/depd-2.0.0.tgz 0ms (cache hit)
1031 http cache escape-html@https://registry.npmjs.org/escape-html/-/escape-html-1.0.3.tgz 0ms (cache hit)
1032 http cache debug@https://registry.npmjs.org/debug/-/debug-4.4.3.tgz 0ms (cache hit)
1033 http cache cookie-signature@https://registry.npmjs.org/cookie-signature/-/cookie-signature-1.2.2.tgz 0ms (cache hit)
1034 http cache cookie@https://registry.npmjs.org/cookie/-/cookie-0.7.2.tgz 0ms (cache hit)
1035 http cache content-disposition@https://registry.npmjs.org/content-disposition/-/content-disposition-1.1.0.tgz 0ms (cache hit)
1036 http cache content-type@https://registry.npmjs.org/content-type/-/content-type-1.0.5.tgz 0ms (cache hit)
1037 http cache body-parser@https://registry.npmjs.org/body-parser/-/body-parser-2.3.0.tgz 0ms (cache hit)
1038 http cache accepts@https://registry.npmjs.org/accepts/-/accepts-2.0.0.tgz 0ms (cache hit)
1039 http cache normalize-path@https://registry.npmjs.org/normalize-path/-/normalize-path-3.0.0.tgz 0ms (cache hit)
1040 http cache lodash.union@https://registry.npmjs.org/lodash.union/-/lodash.union-4.6.0.tgz 0ms (cache hit)
1041 http cache lodash.isplainobject@https://registry.npmjs.org/lodash.isplainobject/-/lodash.isplainobject-4.0.6.tgz 0ms (cache hit)
1042 http cache lodash.difference@https://registry.npmjs.org/lodash.difference/-/lodash.difference-4.5.0.tgz 0ms (cache hit)
1043 http cache lodash.flatten@https://registry.npmjs.org/lodash.flatten/-/lodash.flatten-4.4.0.tgz 0ms (cache hit)
1044 http cache glob@https://registry.npmjs.org/glob/-/glob-7.2.3.tgz 0ms (cache hit)
1045 http cache lazystream@https://registry.npmjs.org/lazystream/-/lazystream-1.0.1.tgz 0ms (cache hit)
1046 http cache graceful-fs@https://registry.npmjs.org/graceful-fs/-/graceful-fs-4.2.11.tgz 0ms (cache hit)
1047 http cache lodash.defaults@https://registry.npmjs.org/lodash.defaults/-/lodash.defaults-4.2.0.tgz 0ms (cache hit)
1048 http cache tar-stream@https://registry.npmjs.org/tar-stream/-/tar-stream-2.2.0.tgz 0ms (cache hit)
1049 http cache buffer-crc32@https://registry.npmjs.org/buffer-crc32/-/buffer-crc32-0.2.13.tgz 0ms (cache hit)
1050 http cache zip-stream@https://registry.npmjs.org/zip-stream/-/zip-stream-4.1.1.tgz 0ms (cache hit)
1051 http cache async@https://registry.npmjs.org/async/-/async-3.2.6.tgz 0ms (cache hit)
1052 http cache readdir-glob@https://registry.npmjs.org/readdir-glob/-/readdir-glob-1.1.3.tgz 0ms (cache hit)
1053 http cache archiver-utils@https://registry.npmjs.org/archiver-utils/-/archiver-utils-2.1.0.tgz 0ms (cache hit)
1054 http cache uuid@https://registry.npmjs.org/uuid/-/uuid-8.3.2.tgz 0ms (cache hit)
1055 http cache saxes@https://registry.npmjs.org/saxes/-/saxes-5.0.1.tgz 0ms (cache hit)
1056 http cache readable-stream@https://registry.npmjs.org/readable-stream/-/readable-stream-3.6.2.tgz 0ms (cache hit)
1057 http cache tmp@https://registry.npmjs.org/tmp/-/tmp-0.2.7.tgz 0ms (cache hit)
1058 http cache unzipper@https://registry.npmjs.org/unzipper/-/unzipper-0.10.14.tgz 0ms (cache hit)
1059 http cache jszip@https://registry.npmjs.org/jszip/-/jszip-3.10.2.tgz 0ms (cache hit)
1060 http cache fast-csv@https://registry.npmjs.org/fast-csv/-/fast-csv-4.3.6.tgz 0ms (cache hit)
1061 http cache dayjs@https://registry.npmjs.org/dayjs/-/dayjs-1.11.23.tgz 0ms (cache hit)
1062 http cache archiver@https://registry.npmjs.org/archiver/-/archiver-5.3.2.tgz 0ms (cache hit)
1063 http cache multer@https://registry.npmjs.org/multer/-/multer-2.4.0.tgz 0ms (cache hit)
1064 http cache express@https://registry.npmjs.org/express/-/express-5.2.1.tgz 0ms (cache hit)
1065 http cache pptxgenjs@https://registry.npmjs.org/pptxgenjs/-/pptxgenjs-4.0.1.tgz 0ms (cache hit)
1066 http cache exceljs@https://registry.npmjs.org/exceljs/-/exceljs-4.4.0.tgz 0ms (cache hit)
1067 http cache readable-stream@https://registry.npmjs.org/readable-stream/-/readable-stream-2.3.8.tgz 0ms (cache hit)
1068 http cache content-type@https://registry.npmjs.org/content-type/-/content-type-2.1.0.tgz 0ms (cache hit)
1069 http cache safe-buffer@https://registry.npmjs.org/safe-buffer/-/safe-buffer-5.1.2.tgz 0ms (cache hit)
1070 http cache string_decoder@https://registry.npmjs.org/string_decoder/-/string_decoder-1.1.1.tgz 0ms (cache hit)
1071 http cache content-type@https://registry.npmjs.org/content-type/-/content-type-2.1.0.tgz 0ms (cache hit)
1072 http cache content-type@https://registry.npmjs.org/content-type/-/content-type-2.1.0.tgz 0ms (cache hit)
1073 http cache minimatch@https://registry.npmjs.org/minimatch/-/minimatch-5.1.9.tgz 0ms (cache hit)
1074 http cache brace-expansion@https://registry.npmjs.org/brace-expansion/-/brace-expansion-2.1.4.tgz 0ms (cache hit)
1075 http cache archiver-utils@https://registry.npmjs.org/archiver-utils/-/archiver-utils-3.0.4.tgz 0ms (cache hit)
1076 http cache string_decoder@https://registry.npmjs.org/string_decoder/-/string_decoder-1.1.1.tgz 0ms (cache hit)
1077 http cache safe-buffer@https://registry.npmjs.org/safe-buffer/-/safe-buffer-5.1.2.tgz 0ms (cache hit)
1078 http cache readable-stream@https://registry.npmjs.org/readable-stream/-/readable-stream-2.3.8.tgz 0ms (cache hit)
1079 http cache readable-stream@https://registry.npmjs.org/readable-stream/-/readable-stream-2.3.8.tgz 0ms (cache hit)
1080 http cache string_decoder@https://registry.npmjs.org/string_decoder/-/string_decoder-1.1.1.tgz 0ms (cache hit)
1081 http cache safe-buffer@https://registry.npmjs.org/safe-buffer/-/safe-buffer-5.1.2.tgz 0ms (cache hit)
1082 http cache string_decoder@https://registry.npmjs.org/string_decoder/-/string_decoder-1.1.1.tgz 0ms (cache hit)
1083 http cache safe-buffer@https://registry.npmjs.org/safe-buffer/-/safe-buffer-5.1.2.tgz 0ms (cache hit)
1084 http cache readable-stream@https://registry.npmjs.org/readable-stream/-/readable-stream-2.3.8.tgz 0ms (cache hit)
1085 http cache string_decoder@https://registry.npmjs.org/string_decoder/-/string_decoder-1.1.1.tgz 0ms (cache hit)
1086 http cache safe-buffer@https://registry.npmjs.org/safe-buffer/-/safe-buffer-5.1.2.tgz 0ms (cache hit)
1087 http cache mime-db@https://registry.npmjs.org/mime-db/-/mime-db-1.52.0.tgz 0ms (cache hit)
1088 http cache @types/node@https://registry.npmjs.org/@types/node/-/node-22.20.2.tgz 0ms (cache hit)
1089 http cache readable-stream@https://registry.npmjs.org/readable-stream/-/readable-stream-2.3.8.tgz 0ms (cache hit)
1090 silly tarball no local data for undici-types@https://registry.npmjs.org/undici-types/-/undici-types-6.21.0.tgz. Extracting by manifest.
1091 http cache type-is@https://registry.npmjs.org/type-is/-/type-is-1.6.18.tgz 0ms (cache hit)
1092 http cache mime-types@https://registry.npmjs.org/mime-types/-/mime-types-2.1.35.tgz 0ms (cache hit)
1093 silly tarball no local data for core-util-is@https://registry.npmjs.org/core-util-is/-/core-util-is-1.0.3.tgz. Extracting by manifest.
1094 http cache media-typer@https://registry.npmjs.org/media-typer/-/media-typer-0.3.0.tgz 0ms (cache hit)
1095 silly tarball no local data for isarray@https://registry.npmjs.org/isarray/-/isarray-1.0.0.tgz. Extracting by manifest.
1096 silly tarball no local data for crc-32@https://registry.npmjs.org/crc-32/-/crc-32-1.2.2.tgz. Extracting by manifest.
1097 silly tarball no local data for process-nextick-args@https://registry.npmjs.org/process-nextick-args/-/process-nextick-args-2.0.1.tgz. Extracting by manifest.
1098 silly tarball no local data for crc32-stream@https://registry.npmjs.org/crc32-stream/-/crc32-stream-4.0.3.tgz. Extracting by manifest.
1099 silly tarball no local data for minimist@https://registry.npmjs.org/minimist/-/minimist-1.2.8.tgz. Extracting by manifest.
1100 silly tarball no local data for chainsaw@https://registry.npmjs.org/chainsaw/-/chainsaw-0.1.0.tgz. Extracting by manifest.
1101 silly tarball no local data for compress-commons@https://registry.npmjs.org/compress-commons/-/compress-commons-4.1.2.tgz. Extracting by manifest.
1102 silly tarball no local data for rimraf@https://registry.npmjs.org/rimraf/-/rimraf-2.7.1.tgz. Extracting by manifest.
1103 silly tarball no local data for mkdirp@https://registry.npmjs.org/mkdirp/-/mkdirp-0.5.6.tgz. Extracting by manifest.
1104 silly tarball no local data for traverse@https://registry.npmjs.org/traverse/-/traverse-0.3.9.tgz. Extracting by manifest.
1105 silly tarball no local data for buffers@https://registry.npmjs.org/buffers/-/buffers-0.1.1.tgz. Extracting by manifest.
1106 silly tarball no local data for listenercount@https://registry.npmjs.org/listenercount/-/listenercount-1.0.1.tgz. Extracting by manifest.
1107 silly tarball no local data for fstream@https://registry.npmjs.org/fstream/-/fstream-1.0.12.tgz. Extracting by manifest.
1108 silly tarball no local data for buffer-indexof-polyfill@https://registry.npmjs.org/buffer-indexof-polyfill/-/buffer-indexof-polyfill-1.0.2.tgz. Extracting by manifest.
1109 silly tarball no local data for duplexer2@https://registry.npmjs.org/duplexer2/-/duplexer2-0.1.4.tgz. Extracting by manifest.
1110 silly tarball no local data for bluebird@https://registry.npmjs.org/bluebird/-/bluebird-3.4.7.tgz. Extracting by manifest.
1111 silly tarball no local data for binary@https://registry.npmjs.org/binary/-/binary-0.3.0.tgz. Extracting by manifest.
1112 silly tarball no local data for big-integer@https://registry.npmjs.org/big-integer/-/big-integer-1.6.52.tgz. Extracting by manifest.
1113 silly tarball no local data for ieee754@https://registry.npmjs.org/ieee754/-/ieee754-1.2.1.tgz. Extracting by manifest.
1114 silly tarball no local data for media-typer@https://registry.npmjs.org/media-typer/-/media-typer-1.1.1.tgz. Extracting by manifest.
1115 silly tarball no local data for buffer@https://registry.npmjs.org/buffer/-/buffer-5.7.1.tgz. Extracting by manifest.
1116 silly tarball no local data for base64-js@https://registry.npmjs.org/base64-js/-/base64-js-1.5.1.tgz. Extracting by manifest.
1117 silly tarball no local data for fs-constants@https://registry.npmjs.org/fs-constants/-/fs-constants-1.0.0.tgz. Extracting by manifest.
1118 silly tarball no local data for bl@https://registry.npmjs.org/bl/-/bl-4.1.0.tgz. Extracting by manifest.
1119 silly tarball no local data for safe-buffer@https://registry.npmjs.org/safe-buffer/-/safe-buffer-5.2.1.tgz. Extracting by manifest.
1120 silly tarball no local data for end-of-stream@https://registry.npmjs.org/end-of-stream/-/end-of-stream-1.4.5.tgz. Extracting by manifest.
1121 silly tarball no local data for dunder-proto@https://registry.npmjs.org/dunder-proto/-/dunder-proto-1.0.1.tgz. Extracting by manifest.
1122 silly tarball no local data for math-intrinsics@https://registry.npmjs.org/math-intrinsics/-/math-intrinsics-1.1.0.tgz. Extracting by manifest.
1123 silly tarball no local data for has-symbols@https://registry.npmjs.org/has-symbols/-/has-symbols-1.1.0.tgz. Extracting by manifest.
1124 silly tarball no local data for hasown@https://registry.npmjs.org/hasown/-/hasown-2.0.4.tgz. Extracting by manifest.
1125 silly tarball no local data for gopd@https://registry.npmjs.org/gopd/-/gopd-1.2.0.tgz. Extracting by manifest.
1126 silly tarball no local data for get-proto@https://registry.npmjs.org/get-proto/-/get-proto-1.0.1.tgz. Extracting by manifest.
1127 silly tarball no local data for es-object-atoms@https://registry.npmjs.org/es-object-atoms/-/es-object-atoms-1.1.2.tgz. Extracting by manifest.
1128 silly tarball no local data for function-bind@https://registry.npmjs.org/function-bind/-/function-bind-1.1.2.tgz. Extracting by manifest.
1129 silly tarball no local data for call-bind-apply-helpers@https://registry.npmjs.org/call-bind-apply-helpers/-/call-bind-apply-helpers-1.0.2.tgz. Extracting by manifest.
1130 silly tarball no local data for call-bound@https://registry.npmjs.org/call-bound/-/call-bound-1.0.4.tgz. Extracting by manifest.
1131 silly tarball no local data for side-channel-list@https://registry.npmjs.org/side-channel-list/-/side-channel-list-1.0.1.tgz. Extracting by manifest.
1132 silly tarball no local data for get-intrinsic@https://registry.npmjs.org/get-intrinsic/-/get-intrinsic-1.3.0.tgz. Extracting by manifest.
1133 silly tarball no local data for side-channel-weakmap@https://registry.npmjs.org/side-channel-weakmap/-/side-channel-weakmap-1.0.2.tgz. Extracting by manifest.
1134 silly tarball no local data for side-channel-map@https://registry.npmjs.org/side-channel-map/-/side-channel-map-1.0.1.tgz. Extracting by manifest.
1135 silly tarball no local data for object-inspect@https://registry.npmjs.org/object-inspect/-/object-inspect-1.13.4.tgz. Extracting by manifest.
1136 silly tarball no local data for es-errors@https://registry.npmjs.org/es-errors/-/es-errors-1.3.0.tgz. Extracting by manifest.
1137 silly tarball no local data for path-to-regexp@https://registry.npmjs.org/path-to-regexp/-/path-to-regexp-8.4.2.tgz. Extracting by manifest.
1138 silly tarball no local data for xmlchars@https://registry.npmjs.org/xmlchars/-/xmlchars-2.2.0.tgz. Extracting by manifest.
1139 silly tarball no local data for string_decoder@https://registry.npmjs.org/string_decoder/-/string_decoder-1.3.0.tgz. Extracting by manifest.
1140 silly tarball no local data for is-promise@https://registry.npmjs.org/is-promise/-/is-promise-4.0.0.tgz. Extracting by manifest.
1141 silly tarball no local data for util-deprecate@https://registry.npmjs.org/util-deprecate/-/util-deprecate-1.0.2.tgz. Extracting by manifest.
1142 silly tarball no local data for side-channel@https://registry.npmjs.org/side-channel/-/side-channel-1.1.1.tgz. Extracting by manifest.
1143 silly tarball no local data for unpipe@https://registry.npmjs.org/unpipe/-/unpipe-1.0.0.tgz. Extracting by manifest.
1144 silly tarball no local data for es-define-property@https://registry.npmjs.org/es-define-property/-/es-define-property-1.0.1.tgz. Extracting by manifest.
1145 silly tarball no local data for ipaddr.js@https://registry.npmjs.org/ipaddr.js/-/ipaddr.js-1.9.1.tgz. Extracting by manifest.
1146 silly tarball no local data for forwarded@https://registry.npmjs.org/forwarded/-/forwarded-0.2.0.tgz. Extracting by manifest.
1147 silly tarball no local data for image-size@https://registry.npmjs.org/image-size/-/image-size-1.2.1.tgz. Extracting by manifest.
1148 silly tarball no local data for queue@https://registry.npmjs.org/queue/-/queue-6.0.2.tgz. Extracting by manifest.
1149 silly tarball no local data for https@https://registry.npmjs.org/https/-/https-1.0.0.tgz. Extracting by manifest.
1150 silly tarball no local data for ee-first@https://registry.npmjs.org/ee-first/-/ee-first-1.1.1.tgz. Extracting by manifest.
1151 silly tarball no local data for streamsearch@https://registry.npmjs.org/streamsearch/-/streamsearch-1.1.0.tgz. Extracting by manifest.
1152 silly tarball no local data for append-field@https://registry.npmjs.org/append-field/-/append-field-1.0.0.tgz. Extracting by manifest.
1153 silly tarball no local data for busboy@https://registry.npmjs.org/busboy/-/busboy-1.6.0.tgz. Extracting by manifest.
1154 silly tarball no local data for concat-map@https://registry.npmjs.org/concat-map/-/concat-map-0.0.1.tgz. Extracting by manifest.
1155 silly tarball no local data for balanced-match@https://registry.npmjs.org/balanced-match/-/balanced-match-1.0.2.tgz. Extracting by manifest.
1156 silly tarball no local data for brace-expansion@https://registry.npmjs.org/brace-expansion/-/brace-expansion-1.1.18.tgz. Extracting by manifest.
1157 silly tarball no local data for mime-db@https://registry.npmjs.org/mime-db/-/mime-db-1.54.0.tgz. Extracting by manifest.
1158 silly tarball no local data for setimmediate@https://registry.npmjs.org/setimmediate/-/setimmediate-1.0.5.tgz. Extracting by manifest.
1159 silly tarball no local data for pako@https://registry.npmjs.org/pako/-/pako-1.0.11.tgz. Extracting by manifest.
1160 silly tarball no local data for immediate@https://registry.npmjs.org/immediate/-/immediate-3.0.6.tgz. Extracting by manifest.
1161 silly tarball no local data for lie@https://registry.npmjs.org/lie/-/lie-3.3.0.tgz. Extracting by manifest.
1162 silly tarball no local data for wrappy@https://registry.npmjs.org/wrappy/-/wrappy-1.0.2.tgz. Extracting by manifest.
1163 silly tarball no local data for safer-buffer@https://registry.npmjs.org/safer-buffer/-/safer-buffer-2.1.2.tgz. Extracting by manifest.
1164 silly tarball no local data for toidentifier@https://registry.npmjs.org/toidentifier/-/toidentifier-1.0.1.tgz. Extracting by manifest.
1165 silly tarball no local data for path-is-absolute@https://registry.npmjs.org/path-is-absolute/-/path-is-absolute-1.0.1.tgz. Extracting by manifest.
1166 silly tarball no local data for setprototypeof@https://registry.npmjs.org/setprototypeof/-/setprototypeof-1.2.0.tgz. Extracting by manifest.
1167 silly tarball no local data for minimatch@https://registry.npmjs.org/minimatch/-/minimatch-3.1.5.tgz. Extracting by manifest.
1168 silly tarball no local data for inherits@https://registry.npmjs.org/inherits/-/inherits-2.0.4.tgz. Extracting by manifest.
1169 silly tarball no local data for inflight@https://registry.npmjs.org/inflight/-/inflight-1.0.6.tgz. Extracting by manifest.
1170 silly tarball no local data for lodash.uniq@https://registry.npmjs.org/lodash.uniq/-/lodash.uniq-4.5.0.tgz. Extracting by manifest.
1171 silly tarball no local data for fs.realpath@https://registry.npmjs.org/fs.realpath/-/fs.realpath-1.0.0.tgz. Extracting by manifest.
1172 silly tarball no local data for lodash.isundefined@https://registry.npmjs.org/lodash.isundefined/-/lodash.isundefined-3.0.1.tgz. Extracting by manifest.
1173 silly tarball no local data for lodash.groupby@https://registry.npmjs.org/lodash.groupby/-/lodash.groupby-4.6.0.tgz. Extracting by manifest.
1174 silly tarball no local data for lodash.isnil@https://registry.npmjs.org/lodash.isnil/-/lodash.isnil-4.0.0.tgz. Extracting by manifest.
1175 silly tarball no local data for lodash.isfunction@https://registry.npmjs.org/lodash.isfunction/-/lodash.isfunction-3.0.9.tgz. Extracting by manifest.
1176 silly tarball no local data for lodash.isequal@https://registry.npmjs.org/lodash.isequal/-/lodash.isequal-4.5.0.tgz. Extracting by manifest.
1177 silly tarball no local data for @types/node@https://registry.npmjs.org/@types/node/-/node-14.18.63.tgz. Extracting by manifest.
1178 silly tarball no local data for lodash.isboolean@https://registry.npmjs.org/lodash.isboolean/-/lodash.isboolean-3.0.3.tgz. Extracting by manifest.
1179 silly tarball no local data for lodash.escaperegexp@https://registry.npmjs.org/lodash.escaperegexp/-/lodash.escaperegexp-4.1.2.tgz. Extracting by manifest.
1180 silly tarball no local data for raw-body@https://registry.npmjs.org/raw-body/-/raw-body-3.0.2.tgz. Extracting by manifest.
1181 silly tarball no local data for @fast-csv/format@https://registry.npmjs.org/@fast-csv/format/-/format-4.3.5.tgz. Extracting by manifest.
1182 silly tarball no local data for @fast-csv/parse@https://registry.npmjs.org/@fast-csv/parse/-/parse-4.3.6.tgz. Extracting by manifest.
1183 silly tarball no local data for ms@https://registry.npmjs.org/ms/-/ms-2.1.3.tgz. Extracting by manifest.
1184 silly tarball no local data for bytes@https://registry.npmjs.org/bytes/-/bytes-3.1.2.tgz. Extracting by manifest.
1185 silly tarball no local data for vary@https://registry.npmjs.org/vary/-/vary-1.1.2.tgz. Extracting by manifest.
1186 silly tarball no local data for negotiator@https://registry.npmjs.org/negotiator/-/negotiator-1.1.0.tgz. Extracting by manifest.
1187 silly tarball no local data for iconv-lite@https://registry.npmjs.org/iconv-lite/-/iconv-lite-0.7.3.tgz. Extracting by manifest.
1188 silly tarball no local data for serve-static@https://registry.npmjs.org/serve-static/-/serve-static-2.2.1.tgz. Extracting by manifest.
1189 silly tarball no local data for statuses@https://registry.npmjs.org/statuses/-/statuses-2.0.2.tgz. Extracting by manifest.
1190 silly tarball no local data for send@https://registry.npmjs.org/send/-/send-1.2.1.tgz. Extracting by manifest.
1191 silly tarball no local data for type-is@https://registry.npmjs.org/type-is/-/type-is-2.1.0.tgz. Extracting by manifest.
1192 silly tarball no local data for router@https://registry.npmjs.org/router/-/router-2.2.0.tgz. Extracting by manifest.
1193 silly tarball no local data for qs@https://registry.npmjs.org/qs/-/qs-6.16.0.tgz. Extracting by manifest.
1194 silly tarball no local data for range-parser@https://registry.npmjs.org/range-parser/-/range-parser-1.3.0.tgz. Extracting by manifest.
1195 silly tarball no local data for proxy-addr@https://registry.npmjs.org/proxy-addr/-/proxy-addr-2.0.7.tgz. Extracting by manifest.
1196 silly tarball no local data for parseurl@https://registry.npmjs.org/parseurl/-/parseurl-1.3.3.tgz. Extracting by manifest.
1197 silly tarball no local data for on-finished@https://registry.npmjs.org/on-finished/-/on-finished-2.4.1.tgz. Extracting by manifest.
1198 silly tarball no local data for merge-descriptors@https://registry.npmjs.org/merge-descriptors/-/merge-descriptors-2.0.0.tgz. Extracting by manifest.
1199 silly tarball no local data for once@https://registry.npmjs.org/once/-/once-1.4.0.tgz. Extracting by manifest.
1200 silly tarball no local data for mime-types@https://registry.npmjs.org/mime-types/-/mime-types-3.0.2.tgz. Extracting by manifest.
1201 silly tarball no local data for fresh@https://registry.npmjs.org/fresh/-/fresh-2.0.0.tgz. Extracting by manifest.
1202 silly tarball no local data for finalhandler@https://registry.npmjs.org/finalhandler/-/finalhandler-2.1.1.tgz. Extracting by manifest.
1203 silly tarball no local data for http-errors@https://registry.npmjs.org/http-errors/-/http-errors-2.0.1.tgz. Extracting by manifest.
1204 silly tarball no local data for etag@https://registry.npmjs.org/etag/-/etag-1.8.1.tgz. Extracting by manifest.
1205 silly tarball no local data for encodeurl@https://registry.npmjs.org/encodeurl/-/encodeurl-2.0.0.tgz. Extracting by manifest.
1206 silly tarball no local data for depd@https://registry.npmjs.org/depd/-/depd-2.0.0.tgz. Extracting by manifest.
1207 silly tarball no local data for escape-html@https://registry.npmjs.org/escape-html/-/escape-html-1.0.3.tgz. Extracting by manifest.
1208 silly tarball no local data for debug@https://registry.npmjs.org/debug/-/debug-4.4.3.tgz. Extracting by manifest.
1209 silly tarball no local data for cookie-signature@https://registry.npmjs.org/cookie-signature/-/cookie-signature-1.2.2.tgz. Extracting by manifest.
1210 silly tarball no local data for cookie@https://registry.npmjs.org/cookie/-/cookie-0.7.2.tgz. Extracting by manifest.
1211 silly tarball no local data for content-disposition@https://registry.npmjs.org/content-disposition/-/content-disposition-1.1.0.tgz. Extracting by manifest.
1212 silly tarball no local data for content-type@https://registry.npmjs.org/content-type/-/content-type-1.0.5.tgz. Extracting by manifest.
1213 silly tarball no local data for body-parser@https://registry.npmjs.org/body-parser/-/body-parser-2.3.0.tgz. Extracting by manifest.
1214 silly tarball no local data for accepts@https://registry.npmjs.org/accepts/-/accepts-2.0.0.tgz. Extracting by manifest.
1215 silly tarball no local data for normalize-path@https://registry.npmjs.org/normalize-path/-/normalize-path-3.0.0.tgz. Extracting by manifest.
1216 silly tarball no local data for lodash.union@https://registry.npmjs.org/lodash.union/-/lodash.union-4.6.0.tgz. Extracting by manifest.
1217 silly tarball no local data for lodash.isplainobject@https://registry.npmjs.org/lodash.isplainobject/-/lodash.isplainobject-4.0.6.tgz. Extracting by manifest.
1218 silly tarball no local data for lodash.difference@https://registry.npmjs.org/lodash.difference/-/lodash.difference-4.5.0.tgz. Extracting by manifest.
1219 silly tarball no local data for lodash.flatten@https://registry.npmjs.org/lodash.flatten/-/lodash.flatten-4.4.0.tgz. Extracting by manifest.
1220 silly tarball no local data for glob@https://registry.npmjs.org/glob/-/glob-7.2.3.tgz. Extracting by manifest.
1221 silly tarball no local data for lazystream@https://registry.npmjs.org/lazystream/-/lazystream-1.0.1.tgz. Extracting by manifest.
1222 silly tarball no local data for graceful-fs@https://registry.npmjs.org/graceful-fs/-/graceful-fs-4.2.11.tgz. Extracting by manifest.
1223 silly tarball no local data for lodash.defaults@https://registry.npmjs.org/lodash.defaults/-/lodash.defaults-4.2.0.tgz. Extracting by manifest.
1224 silly tarball no local data for tar-stream@https://registry.npmjs.org/tar-stream/-/tar-stream-2.2.0.tgz. Extracting by manifest.
1225 silly tarball no local data for buffer-crc32@https://registry.npmjs.org/buffer-crc32/-/buffer-crc32-0.2.13.tgz. Extracting by manifest.
1226 silly tarball no local data for zip-stream@https://registry.npmjs.org/zip-stream/-/zip-stream-4.1.1.tgz. Extracting by manifest.
1227 silly tarball no local data for async@https://registry.npmjs.org/async/-/async-3.2.6.tgz. Extracting by manifest.
1228 silly tarball no local data for readdir-glob@https://registry.npmjs.org/readdir-glob/-/readdir-glob-1.1.3.tgz. Extracting by manifest.
1229 silly tarball no local data for archiver-utils@https://registry.npmjs.org/archiver-utils/-/archiver-utils-2.1.0.tgz. Extracting by manifest.
1230 silly tarball no local data for uuid@https://registry.npmjs.org/uuid/-/uuid-8.3.2.tgz. Extracting by manifest.
1231 silly tarball no local data for saxes@https://registry.npmjs.org/saxes/-/saxes-5.0.1.tgz. Extracting by manifest.
1232 silly tarball no local data for readable-stream@https://registry.npmjs.org/readable-stream/-/readable-stream-3.6.2.tgz. Extracting by manifest.
1233 silly tarball no local data for tmp@https://registry.npmjs.org/tmp/-/tmp-0.2.7.tgz. Extracting by manifest.
1234 silly tarball no local data for unzipper@https://registry.npmjs.org/unzipper/-/unzipper-0.10.14.tgz. Extracting by manifest.
1235 silly tarball no local data for jszip@https://registry.npmjs.org/jszip/-/jszip-3.10.2.tgz. Extracting by manifest.
1236 silly tarball no local data for fast-csv@https://registry.npmjs.org/fast-csv/-/fast-csv-4.3.6.tgz. Extracting by manifest.
1237 silly tarball no local data for dayjs@https://registry.npmjs.org/dayjs/-/dayjs-1.11.23.tgz. Extracting by manifest.
1238 silly tarball no local data for archiver@https://registry.npmjs.org/archiver/-/archiver-5.3.2.tgz. Extracting by manifest.
1239 silly tarball no local data for multer@https://registry.npmjs.org/multer/-/multer-2.4.0.tgz. Extracting by manifest.
1240 silly tarball no local data for express@https://registry.npmjs.org/express/-/express-5.2.1.tgz. Extracting by manifest.
1241 silly tarball no local data for pptxgenjs@https://registry.npmjs.org/pptxgenjs/-/pptxgenjs-4.0.1.tgz. Extracting by manifest.
1242 silly tarball no local data for exceljs@https://registry.npmjs.org/exceljs/-/exceljs-4.4.0.tgz. Extracting by manifest.
1243 silly tarball no local data for readable-stream@https://registry.npmjs.org/readable-stream/-/readable-stream-2.3.8.tgz. Extracting by manifest.
1244 silly tarball no local data for content-type@https://registry.npmjs.org/content-type/-/content-type-2.1.0.tgz. Extracting by manifest.
1245 silly tarball no local data for safe-buffer@https://registry.npmjs.org/safe-buffer/-/safe-buffer-5.1.2.tgz. Extracting by manifest.
1246 silly tarball no local data for string_decoder@https://registry.npmjs.org/string_decoder/-/string_decoder-1.1.1.tgz. Extracting by manifest.
1247 silly tarball no local data for content-type@https://registry.npmjs.org/content-type/-/content-type-2.1.0.tgz. Extracting by manifest.
1248 silly tarball no local data for content-type@https://registry.npmjs.org/content-type/-/content-type-2.1.0.tgz. Extracting by manifest.
1249 silly tarball no local data for minimatch@https://registry.npmjs.org/minimatch/-/minimatch-5.1.9.tgz. Extracting by manifest.
1250 silly tarball no local data for brace-expansion@https://registry.npmjs.org/brace-expansion/-/brace-expansion-2.1.4.tgz. Extracting by manifest.
1251 silly tarball no local data for archiver-utils@https://registry.npmjs.org/archiver-utils/-/archiver-utils-3.0.4.tgz. Extracting by manifest.
1252 silly tarball no local data for string_decoder@https://registry.npmjs.org/string_decoder/-/string_decoder-1.1.1.tgz. Extracting by manifest.
1253 silly tarball no local data for safe-buffer@https://registry.npmjs.org/safe-buffer/-/safe-buffer-5.1.2.tgz. Extracting by manifest.
1254 silly tarball no local data for readable-stream@https://registry.npmjs.org/readable-stream/-/readable-stream-2.3.8.tgz. Extracting by manifest.
1255 silly tarball no local data for readable-stream@https://registry.npmjs.org/readable-stream/-/readable-stream-2.3.8.tgz. Extracting by manifest.
1256 silly tarball no local data for string_decoder@https://registry.npmjs.org/string_decoder/-/string_decoder-1.1.1.tgz. Extracting by manifest.
1257 silly tarball no local data for safe-buffer@https://registry.npmjs.org/safe-buffer/-/safe-buffer-5.1.2.tgz. Extracting by manifest.
1258 silly tarball no local data for string_decoder@https://registry.npmjs.org/string_decoder/-/string_decoder-1.1.1.tgz. Extracting by manifest.
1259 silly tarball no local data for safe-buffer@https://registry.npmjs.org/safe-buffer/-/safe-buffer-5.1.2.tgz. Extracting by manifest.
1260 silly tarball no local data for readable-stream@https://registry.npmjs.org/readable-stream/-/readable-stream-2.3.8.tgz. Extracting by manifest.
1261 silly tarball no local data for string_decoder@https://registry.npmjs.org/string_decoder/-/string_decoder-1.1.1.tgz. Extracting by manifest.
1262 silly tarball no local data for safe-buffer@https://registry.npmjs.org/safe-buffer/-/safe-buffer-5.1.2.tgz. Extracting by manifest.
1263 silly tarball no local data for mime-db@https://registry.npmjs.org/mime-db/-/mime-db-1.52.0.tgz. Extracting by manifest.
1264 silly tarball no local data for @types/node@https://registry.npmjs.org/@types/node/-/node-22.20.2.tgz. Extracting by manifest.
1265 silly tarball no local data for readable-stream@https://registry.npmjs.org/readable-stream/-/readable-stream-2.3.8.tgz. Extracting by manifest.
1266 silly tarball no local data for type-is@https://registry.npmjs.org/type-is/-/type-is-1.6.18.tgz. Extracting by manifest.
1267 silly tarball no local data for mime-types@https://registry.npmjs.org/mime-types/-/mime-types-2.1.35.tgz. Extracting by manifest.
1268 silly tarball no local data for media-typer@https://registry.npmjs.org/media-typer/-/media-typer-0.3.0.tgz. Extracting by manifest.
1269 http fetch POST 200 https://registry.npmjs.org/-/npm/v1/security/advisories/bulk 299ms
1270 silly audit report {
1270 silly audit report   uuid: [
1270 silly audit report     {
1270 silly audit report       id: 1119441,
1270 silly audit report       url: 'https://github.com/advisories/GHSA-w5hq-g745-h8pq',
1270 silly audit report       title: 'uuid: Missing buffer bounds check in v3/v5/v6 when buf is provided',
1270 silly audit report       severity: 'moderate',
1270 silly audit report       vulnerable_versions: '<11.1.1',
1270 silly audit report       cwe: [Array],
1270 silly audit report       cvss: [Object]
1270 silly audit report     }
1270 silly audit report   ],
1270 silly audit report   'image-size': [
1270 silly audit report     {
1270 silly audit report       id: 1138808,
1270 silly audit report       url: 'https://github.com/advisories/GHSA-w3rx-r6r6-pgpr',
1270 silly audit report       title: 'image-size: ICNS parser allows denial of service through an infinite loop',
1270 silly audit report       severity: 'high',
1270 silly audit report       vulnerable_versions: '<=2.0.2',
1270 silly audit report       cwe: [Array],
1270 silly audit report       cvss: [Object]
1270 silly audit report     },
1270 silly audit report     {
1270 silly audit report       id: 1138809,
1270 silly audit report       url: 'https://github.com/advisories/GHSA-5p2g-fcmc-qvqq',
1270 silly audit report       title: 'image-size: JXL and HEIF parsers allow denial of service through infinite loops',
1270 silly audit report       severity: 'high',
1270 silly audit report       vulnerable_versions: '<=2.0.2',
1270 silly audit report       cwe: [Array],
1270 silly audit report       cvss: [Object]
1270 silly audit report     }
1270 silly audit report   ]
1270 silly audit report }
1271 silly packumentCache corgi:https://registry.npmjs.org/uuid cache-miss
1272 silly packumentCache corgi:https://registry.npmjs.org/image-size cache-miss
1273 http fetch GET 200 https://registry.npmjs.org/isarray/-/isarray-1.0.0.tgz 588ms (cache miss)
1274 http fetch GET 200 https://registry.npmjs.org/crc32-stream/-/crc32-stream-4.0.3.tgz 588ms (cache miss)
1275 http fetch GET 200 https://registry.npmjs.org/crc-32/-/crc-32-1.2.2.tgz 589ms (cache miss)
1276 http fetch GET 200 https://registry.npmjs.org/buffer-indexof-polyfill/-/buffer-indexof-polyfill-1.0.2.tgz 584ms (cache miss)
1277 http fetch GET 200 https://registry.npmjs.org/binary/-/binary-0.3.0.tgz 583ms (cache miss)
1278 http fetch GET 200 https://registry.npmjs.org/process-nextick-args/-/process-nextick-args-2.0.1.tgz 654ms (cache miss)
1279 http fetch GET 200 https://registry.npmjs.org/core-util-is/-/core-util-is-1.0.3.tgz 655ms (cache miss)
1280 http fetch GET 200 https://registry.npmjs.org/fs-constants/-/fs-constants-1.0.0.tgz 648ms (cache miss)
1281 http fetch GET 200 https://registry.npmjs.org/media-typer/-/media-typer-1.1.1.tgz 680ms (cache miss)
1282 http fetch GET 200 https://registry.npmjs.org/has-symbols/-/has-symbols-1.1.0.tgz 678ms (cache miss)
1283 http fetch GET 200 https://registry.npmjs.org/ieee754/-/ieee754-1.2.1.tgz 708ms (cache miss)
1284 http fetch GET 200 https://registry.npmjs.org/end-of-stream/-/end-of-stream-1.4.5.tgz 707ms (cache miss)
1285 http fetch GET 200 https://registry.npmjs.org/duplexer2/-/duplexer2-0.1.4.tgz 711ms (cache miss)
1286 http fetch GET 200 https://registry.npmjs.org/es-object-atoms/-/es-object-atoms-1.1.2.tgz 703ms (cache miss)
1287 http fetch GET 200 https://registry.npmjs.org/gopd/-/gopd-1.2.0.tgz 705ms (cache miss)
1288 http fetch GET 200 https://registry.npmjs.org/base64-js/-/base64-js-1.5.1.tgz 737ms (cache miss)
1289 http fetch GET 200 https://registry.npmjs.org/dunder-proto/-/dunder-proto-1.0.1.tgz 736ms (cache miss)
1290 http fetch GET 200 https://registry.npmjs.org/math-intrinsics/-/math-intrinsics-1.1.0.tgz 738ms (cache miss)
1291 http fetch GET 200 https://registry.npmjs.org/hasown/-/hasown-2.0.4.tgz 769ms (cache miss)
1292 http fetch GET 200 https://registry.npmjs.org/safe-buffer/-/safe-buffer-5.2.1.tgz 790ms (cache miss)
1293 http fetch GET 200 https://registry.npmjs.org/path-to-regexp/-/path-to-regexp-8.4.2.tgz 782ms (cache miss)
1294 http fetch GET 200 https://registry.npmjs.org/streamsearch/-/streamsearch-1.1.0.tgz 777ms (cache miss)
1295 http fetch GET 200 https://registry.npmjs.org/function-bind/-/function-bind-1.1.2.tgz 807ms (cache miss)
1296 http fetch GET 200 https://registry.npmjs.org/is-promise/-/is-promise-4.0.0.tgz 803ms (cache miss)
1297 http fetch GET 200 https://registry.npmjs.org/string_decoder/-/string_decoder-1.3.0.tgz 803ms (cache miss)
1298 http fetch GET 200 https://registry.npmjs.org/unpipe/-/unpipe-1.0.0.tgz 803ms (cache miss)
1299 http fetch GET 200 https://registry.npmjs.org/side-channel/-/side-channel-1.1.1.tgz 804ms (cache miss)
1300 http fetch GET 200 https://registry.npmjs.org/balanced-match/-/balanced-match-1.0.2.tgz 800ms (cache miss)
1301 http fetch GET 200 https://registry.npmjs.org/xmlchars/-/xmlchars-2.2.0.tgz 839ms (cache miss)
1302 http fetch GET 200 https://registry.npmjs.org/forwarded/-/forwarded-0.2.0.tgz 836ms (cache miss)
1303 http fetch GET 200 https://registry.npmjs.org/https/-/https-1.0.0.tgz 835ms (cache miss)
1304 http fetch GET 200 https://registry.npmjs.org/setimmediate/-/setimmediate-1.0.5.tgz 861ms (cache miss)
1305 http fetch GET 200 https://registry.npmjs.org/lodash.isnil/-/lodash.isnil-4.0.0.tgz 855ms (cache miss)
1306 http fetch GET 200 https://registry.npmjs.org/ee-first/-/ee-first-1.1.1.tgz 893ms (cache miss)
1307 http fetch GET 200 https://registry.npmjs.org/append-field/-/append-field-1.0.0.tgz 894ms (cache miss)
1308 http fetch GET 200 https://registry.npmjs.org/minimatch/-/minimatch-3.1.5.tgz 888ms (cache miss)
1309 http fetch GET 200 https://registry.npmjs.org/wrappy/-/wrappy-1.0.2.tgz 890ms (cache miss)
1310 http fetch GET 200 https://registry.npmjs.org/lodash.uniq/-/lodash.uniq-4.5.0.tgz 888ms (cache miss)
1311 http fetch GET 200 https://registry.npmjs.org/inflight/-/inflight-1.0.6.tgz 889ms (cache miss)
1312 warn deprecated inflight@1.0.6: This module is not supported, and leaks memory. Do not use it. Check out lru-cache if you want a good and tested way to coalesce async requests by a key value, which is much more comprehensive and powerful.
1313 http fetch GET 200 https://registry.npmjs.org/lodash.escaperegexp/-/lodash.escaperegexp-4.1.2.tgz 896ms (cache miss)
1314 http fetch GET 200 https://registry.npmjs.org/concat-map/-/concat-map-0.0.1.tgz 914ms (cache miss)
1315 http fetch GET 200 https://registry.npmjs.org/toidentifier/-/toidentifier-1.0.1.tgz 908ms (cache miss)
1316 http fetch GET 200 https://registry.npmjs.org/fs.realpath/-/fs.realpath-1.0.0.tgz 971ms (cache miss)
1317 http fetch GET 200 https://registry.npmjs.org/lodash.isequal/-/lodash.isequal-4.5.0.tgz 970ms (cache miss)
1318 http fetch GET 200 https://registry.npmjs.org/lodash.groupby/-/lodash.groupby-4.6.0.tgz 973ms (cache miss)
1319 http fetch GET 200 https://registry.npmjs.org/bytes/-/bytes-3.1.2.tgz 969ms (cache miss)
1320 http fetch GET 200 https://registry.npmjs.org/buffer/-/buffer-5.7.1.tgz 1012ms (cache miss)
1321 http fetch GET 200 https://registry.npmjs.org/mkdirp/-/mkdirp-0.5.6.tgz 1018ms (cache miss)
1322 http fetch GET 200 https://registry.npmjs.org/lodash.isundefined/-/lodash.isundefined-3.0.1.tgz 990ms (cache miss)
1323 http fetch GET 200 https://registry.npmjs.org/inherits/-/inherits-2.0.4.tgz 993ms (cache miss)
1324 http fetch GET 200 https://registry.npmjs.org/lodash.isfunction/-/lodash.isfunction-3.0.9.tgz 994ms (cache miss)
1325 http fetch GET 200 https://registry.npmjs.org/send/-/send-1.2.1.tgz 990ms (cache miss)
1326 http fetch GET 200 https://registry.npmjs.org/statuses/-/statuses-2.0.2.tgz 991ms (cache miss)
1327 http fetch GET 200 https://registry.npmjs.org/merge-descriptors/-/merge-descriptors-2.0.0.tgz 988ms (cache miss)
1328 http fetch GET 200 https://registry.npmjs.org/once/-/once-1.4.0.tgz 988ms (cache miss)
1329 http fetch GET 200 https://registry.npmjs.org/finalhandler/-/finalhandler-2.1.1.tgz 986ms (cache miss)
1330 http fetch GET 200 https://registry.npmjs.org/util-deprecate/-/util-deprecate-1.0.2.tgz 1023ms (cache miss)
1331 http fetch GET 200 https://registry.npmjs.org/brace-expansion/-/brace-expansion-1.1.18.tgz 1017ms (cache miss)
1332 http fetch GET 200 https://registry.npmjs.org/path-is-absolute/-/path-is-absolute-1.0.1.tgz 1016ms (cache miss)
1333 http fetch GET 200 https://registry.npmjs.org/lodash.isboolean/-/lodash.isboolean-3.0.3.tgz 1012ms (cache miss)
1334 http fetch GET 200 https://registry.npmjs.org/vary/-/vary-1.1.2.tgz 1011ms (cache miss)
1335 http fetch GET 200 https://registry.npmjs.org/proxy-addr/-/proxy-addr-2.0.7.tgz 1007ms (cache miss)
1336 http fetch GET 200 https://registry.npmjs.org/cookie/-/cookie-0.7.2.tgz 1000ms (cache miss)
1337 http fetch GET 200 https://registry.npmjs.org/rimraf/-/rimraf-2.7.1.tgz 1056ms (cache miss)
1338 warn deprecated rimraf@2.7.1: Rimraf versions prior to v4 are no longer supported
1339 http fetch GET 200 https://registry.npmjs.org/buffers/-/buffers-0.1.1.tgz 1055ms (cache miss)
1340 http fetch GET 200 https://registry.npmjs.org/listenercount/-/listenercount-1.0.1.tgz 1055ms (cache miss)
1341 warn deprecated lodash.isequal@4.5.0: This package is deprecated. Use require('node:util').isDeepStrictEqual instead.
1342 http fetch GET 200 https://registry.npmjs.org/ms/-/ms-2.1.3.tgz 1028ms (cache miss)
1343 http fetch GET 200 https://registry.npmjs.org/fresh/-/fresh-2.0.0.tgz 1020ms (cache miss)
1344 http fetch GET 200 https://registry.npmjs.org/http-errors/-/http-errors-2.0.1.tgz 1021ms (cache miss)
1345 http fetch GET 200 https://registry.npmjs.org/encodeurl/-/encodeurl-2.0.0.tgz 1020ms (cache miss)
1346 http fetch GET 200 https://registry.npmjs.org/parseurl/-/parseurl-1.3.3.tgz 1038ms (cache miss)
1347 http fetch GET 200 https://registry.npmjs.org/escape-html/-/escape-html-1.0.3.tgz 1032ms (cache miss)
1348 http fetch GET 200 https://registry.npmjs.org/content-disposition/-/content-disposition-1.1.0.tgz 1033ms (cache miss)
1349 http fetch GET 200 https://registry.npmjs.org/lodash.defaults/-/lodash.defaults-4.2.0.tgz 1029ms (cache miss)
1350 http fetch GET 200 https://registry.npmjs.org/setprototypeof/-/setprototypeof-1.2.0.tgz 1059ms (cache miss)
1351 http fetch GET 200 https://registry.npmjs.org/raw-body/-/raw-body-3.0.2.tgz 1057ms (cache miss)
1352 http fetch GET 200 https://registry.npmjs.org/cookie-signature/-/cookie-signature-1.2.2.tgz 1046ms (cache miss)
1353 http fetch GET 200 https://registry.npmjs.org/normalize-path/-/normalize-path-3.0.0.tgz 1045ms (cache miss)
1354 http fetch GET 200 https://registry.npmjs.org/body-parser/-/body-parser-2.3.0.tgz 1047ms (cache miss)
1355 http fetch GET 200 https://registry.npmjs.org/accepts/-/accepts-2.0.0.tgz 1048ms (cache miss)
1356 http fetch GET 200 https://registry.npmjs.org/lodash.flatten/-/lodash.flatten-4.4.0.tgz 1047ms (cache miss)
1357 http fetch GET 200 https://registry.npmjs.org/lazystream/-/lazystream-1.0.1.tgz 1046ms (cache miss)
1358 http fetch GET 200 https://registry.npmjs.org/fast-csv/-/fast-csv-4.3.6.tgz 1037ms (cache miss)
1359 http fetch GET 200 https://registry.npmjs.org/range-parser/-/range-parser-1.3.0.tgz 1070ms (cache miss)
1360 http fetch GET 200 https://registry.npmjs.org/zip-stream/-/zip-stream-4.1.1.tgz 1057ms (cache miss)
1361 http fetch GET 200 https://registry.npmjs.org/buffer-crc32/-/buffer-crc32-0.2.13.tgz 1058ms (cache miss)
1362 http fetch GET 200 https://registry.npmjs.org/archiver-utils/-/archiver-utils-2.1.0.tgz 1056ms (cache miss)
1363 http fetch GET 200 https://registry.npmjs.org/readdir-glob/-/readdir-glob-1.1.3.tgz 1058ms (cache miss)
1364 http fetch GET 200 https://registry.npmjs.org/lodash.union/-/lodash.union-4.6.0.tgz 1078ms (cache miss)
1365 http fetch GET 200 https://registry.npmjs.org/lodash.isplainobject/-/lodash.isplainobject-4.0.6.tgz 1079ms (cache miss)
1366 http fetch GET 200 https://registry.npmjs.org/brace-expansion/-/brace-expansion-2.1.4.tgz 1063ms (cache miss)
1367 http fetch GET 200 https://registry.npmjs.org/queue/-/queue-6.0.2.tgz 1115ms (cache miss)
1368 http fetch GET 200 https://registry.npmjs.org/etag/-/etag-1.8.1.tgz 1093ms (cache miss)
1369 http fetch GET 200 https://registry.npmjs.org/on-finished/-/on-finished-2.4.1.tgz 1098ms (cache miss)
1370 http fetch GET 200 https://registry.npmjs.org/content-type/-/content-type-1.0.5.tgz 1091ms (cache miss)
1371 http fetch GET 200 https://registry.npmjs.org/content-type/-/content-type-2.1.0.tgz 1081ms (cache miss)
1372 http fetch GET 200 https://registry.npmjs.org/safer-buffer/-/safer-buffer-2.1.2.tgz 1124ms (cache miss)
1373 http fetch GET 200 https://registry.npmjs.org/tmp/-/tmp-0.2.7.tgz 1095ms (cache miss)
1374 http fetch GET 200 https://registry.npmjs.org/string_decoder/-/string_decoder-1.1.1.tgz 1087ms (cache miss)
1375 http fetch GET 200 https://registry.npmjs.org/safe-buffer/-/safe-buffer-5.1.2.tgz 1088ms (cache miss)
1376 http fetch GET 200 https://registry.npmjs.org/minimatch/-/minimatch-5.1.9.tgz 1088ms (cache miss)
1377 http fetch GET 200 https://registry.npmjs.org/mime-types/-/mime-types-3.0.2.tgz 1118ms (cache miss)
1378 http fetch GET 200 https://registry.npmjs.org/safe-buffer/-/safe-buffer-5.1.2.tgz 1098ms (cache miss)
1379 http fetch GET 200 https://registry.npmjs.org/mime-types/-/mime-types-2.1.35.tgz 1100ms (cache miss)
1380 http fetch GET 200 https://registry.npmjs.org/depd/-/depd-2.0.0.tgz 1135ms (cache miss)
1381 http fetch GET 200 https://registry.npmjs.org/archiver-utils/-/archiver-utils-3.0.4.tgz 1114ms (cache miss)
1382 http fetch GET 200 https://registry.npmjs.org/chainsaw/-/chainsaw-0.1.0.tgz 1186ms (cache miss)
1383 http fetch GET 200 https://registry.npmjs.org/big-integer/-/big-integer-1.6.52.tgz 1182ms (cache miss)
1384 http fetch GET 200 https://registry.npmjs.org/serve-static/-/serve-static-2.2.1.tgz 1152ms (cache miss)
1385 http fetch GET 200 https://registry.npmjs.org/string_decoder/-/string_decoder-1.1.1.tgz 1124ms (cache miss)
1386 http fetch GET 200 https://registry.npmjs.org/media-typer/-/media-typer-0.3.0.tgz 1117ms (cache miss)
1387 http fetch GET 200 https://registry.npmjs.org/type-is/-/type-is-2.1.0.tgz 1162ms (cache miss)
1388 http fetch GET 200 https://registry.npmjs.org/safe-buffer/-/safe-buffer-5.1.2.tgz 1130ms (cache miss)
1389 http fetch GET 200 https://registry.npmjs.org/immediate/-/immediate-3.0.6.tgz 1181ms (cache miss)
1390 http fetch GET 200 https://registry.npmjs.org/mime-db/-/mime-db-1.54.0.tgz 1186ms (cache miss)
1391 http fetch GET 200 https://registry.npmjs.org/type-is/-/type-is-1.6.18.tgz 1131ms (cache miss)
1392 http fetch GET 200 https://registry.npmjs.org/glob/-/glob-7.2.3.tgz 1160ms (cache miss)
1393 http fetch GET 200 https://registry.npmjs.org/safe-buffer/-/safe-buffer-5.1.2.tgz 1146ms (cache miss)
1394 http fetch GET 200 https://registry.npmjs.org/string_decoder/-/string_decoder-1.1.1.tgz 1145ms (cache miss)
1395 http fetch GET 200 https://registry.npmjs.org/string_decoder/-/string_decoder-1.1.1.tgz 1147ms (cache miss)
1396 http fetch GET 200 https://registry.npmjs.org/safe-buffer/-/safe-buffer-5.1.2.tgz 1147ms (cache miss)
1397 http fetch GET 200 https://registry.npmjs.org/string_decoder/-/string_decoder-1.1.1.tgz 1149ms (cache miss)
1398 http fetch GET 200 https://registry.npmjs.org/lodash.difference/-/lodash.difference-4.5.0.tgz 1171ms (cache miss)
1399 warn deprecated glob@7.2.3: Old versions of glob are not supported, and contain widely publicized security vulnerabilities, which have been fixed in the current version. Please update. Support for old versions may be purchased (at exorbitant rates) by contacting i@izs.me
1400 http fetch GET 200 https://registry.npmjs.org/graceful-fs/-/graceful-fs-4.2.11.tgz 1188ms (cache miss)
1401 http fetch GET 200 https://registry.npmjs.org/image-size 1050ms (cache miss)
1402 silly packumentCache corgi:https://registry.npmjs.org/image-size set size:undefined disposed:false
1403 http fetch GET 200 https://registry.npmjs.org/router/-/router-2.2.0.tgz 1213ms (cache miss)
1404 http fetch GET 200 https://registry.npmjs.org/saxes/-/saxes-5.0.1.tgz 1207ms (cache miss)
1405 http fetch GET 200 https://registry.npmjs.org/uuid 1072ms (cache miss)
1406 silly packumentCache corgi:https://registry.npmjs.org/uuid set size:undefined disposed:false
1407 http fetch GET 200 https://registry.npmjs.org/content-type/-/content-type-2.1.0.tgz 1203ms (cache miss)
1408 http fetch GET 200 https://registry.npmjs.org/content-type/-/content-type-2.1.0.tgz 1205ms (cache miss)
1409 http fetch GET 200 https://registry.npmjs.org/bl/-/bl-4.1.0.tgz 1270ms (cache miss)
1410 http fetch GET 200 https://registry.npmjs.org/es-define-property/-/es-define-property-1.0.1.tgz 1263ms (cache miss)
1411 http fetch GET 200 https://registry.npmjs.org/debug/-/debug-4.4.3.tgz 1246ms (cache miss)
1412 http fetch GET 200 https://registry.npmjs.org/ipaddr.js/-/ipaddr.js-1.9.1.tgz 1278ms (cache miss)
1413 http fetch GET 200 https://registry.npmjs.org/call-bound/-/call-bound-1.0.4.tgz 1293ms (cache miss)
1414 http fetch GET 200 https://registry.npmjs.org/side-channel-weakmap/-/side-channel-weakmap-1.0.2.tgz 1293ms (cache miss)
1415 http fetch GET 200 https://registry.npmjs.org/get-intrinsic/-/get-intrinsic-1.3.0.tgz 1293ms (cache miss)
1416 http fetch GET 200 https://registry.npmjs.org/negotiator/-/negotiator-1.1.0.tgz 1276ms (cache miss)
1417 http fetch GET 200 https://registry.npmjs.org/side-channel-map/-/side-channel-map-1.0.1.tgz 1299ms (cache miss)
1418 http fetch GET 200 https://registry.npmjs.org/mime-db/-/mime-db-1.52.0.tgz 1252ms (cache miss)
1419 http fetch GET 200 https://registry.npmjs.org/side-channel-list/-/side-channel-list-1.0.1.tgz 1318ms (cache miss)
1420 http fetch GET 200 https://registry.npmjs.org/tar-stream/-/tar-stream-2.2.0.tgz 1293ms (cache miss)
1421 http fetch GET 200 https://registry.npmjs.org/get-proto/-/get-proto-1.0.1.tgz 1339ms (cache miss)
1422 http fetch GET 200 https://registry.npmjs.org/lie/-/lie-3.3.0.tgz 1325ms (cache miss)
1423 silly packumentCache corgi:https://registry.npmjs.org/exceljs cache-miss
1424 http fetch GET 200 https://registry.npmjs.org/archiver/-/archiver-5.3.2.tgz 1324ms (cache miss)
1425 http fetch GET 200 https://registry.npmjs.org/express/-/express-5.2.1.tgz 1334ms (cache miss)
1426 http fetch GET 200 https://registry.npmjs.org/multer/-/multer-2.4.0.tgz 1354ms (cache miss)
1427 http fetch GET 200 https://registry.npmjs.org/call-bind-apply-helpers/-/call-bind-apply-helpers-1.0.2.tgz 1424ms (cache miss)
1428 http fetch GET 200 https://registry.npmjs.org/es-errors/-/es-errors-1.3.0.tgz 1437ms (cache miss)
1429 http fetch GET 200 https://registry.npmjs.org/compress-commons/-/compress-commons-4.1.2.tgz 1484ms (cache miss)
1430 http fetch GET 200 https://registry.npmjs.org/exceljs 162ms (cache miss)
1431 silly packumentCache corgi:https://registry.npmjs.org/exceljs set size:undefined disposed:false
1432 http fetch GET 200 https://registry.npmjs.org/fstream/-/fstream-1.0.12.tgz 1528ms (cache miss)
1433 http fetch GET 200 https://registry.npmjs.org/traverse/-/traverse-0.3.9.tgz 1533ms (cache miss)
1434 warn deprecated fstream@1.0.12: This package is no longer supported.
1435 http fetch GET 200 https://registry.npmjs.org/unzipper/-/unzipper-0.10.14.tgz 1478ms (cache miss)
1436 http fetch GET 200 https://registry.npmjs.org/minimist/-/minimist-1.2.8.tgz 1555ms (cache miss)
1437 silly packumentCache corgi:https://registry.npmjs.org/pptxgenjs cache-miss
1438 http fetch GET 200 https://registry.npmjs.org/busboy/-/busboy-1.6.0.tgz 1548ms (cache miss)
1439 http fetch GET 200 https://registry.npmjs.org/readable-stream/-/readable-stream-2.3.8.tgz 1514ms (cache miss)
1440 http fetch GET 200 https://registry.npmjs.org/qs/-/qs-6.16.0.tgz 1543ms (cache miss)
1441 http fetch GET 200 https://registry.npmjs.org/readable-stream/-/readable-stream-2.3.8.tgz 1512ms (cache miss)
1442 http fetch GET 200 https://registry.npmjs.org/readable-stream/-/readable-stream-2.3.8.tgz 1514ms (cache miss)
1443 http fetch GET 200 https://registry.npmjs.org/readable-stream/-/readable-stream-2.3.8.tgz 1511ms (cache miss)
1444 http fetch GET 200 https://registry.npmjs.org/readable-stream/-/readable-stream-2.3.8.tgz 1511ms (cache miss)
1445 http fetch GET 200 https://registry.npmjs.org/undici-types/-/undici-types-6.21.0.tgz 1615ms (cache miss)
1446 http fetch GET 200 https://registry.npmjs.org/object-inspect/-/object-inspect-1.13.4.tgz 1622ms (cache miss)
1447 http fetch GET 200 https://registry.npmjs.org/readable-stream/-/readable-stream-3.6.2.tgz 1585ms (cache miss)
1448 http fetch GET 200 https://registry.npmjs.org/iconv-lite/-/iconv-lite-0.7.3.tgz 1616ms (cache miss)
1449 http fetch GET 200 https://registry.npmjs.org/@fast-csv/format/-/format-4.3.5.tgz 1627ms (cache miss)
1450 http fetch GET 200 https://registry.npmjs.org/pptxgenjs/-/pptxgenjs-4.0.1.tgz 1645ms (cache miss)
1451 http fetch GET 200 https://registry.npmjs.org/pako/-/pako-1.0.11.tgz 1691ms (cache miss)
1452 http fetch GET 200 https://registry.npmjs.org/bluebird/-/bluebird-3.4.7.tgz 1767ms (cache miss)
1453 http fetch GET 200 https://registry.npmjs.org/pptxgenjs 220ms (cache miss)
1454 silly packumentCache corgi:https://registry.npmjs.org/pptxgenjs set size:undefined disposed:false
1455 http fetch GET 200 https://registry.npmjs.org/jszip/-/jszip-3.10.2.tgz 1728ms (cache miss)
1456 http fetch GET 200 https://registry.npmjs.org/image-size/-/image-size-1.2.1.tgz 1791ms (cache miss)
1457 http fetch GET 200 https://registry.npmjs.org/uuid/-/uuid-8.3.2.tgz 1775ms (cache miss)
1458 warn deprecated uuid@8.3.2: uuid@10 and below is no longer supported.  For ESM codebases, update to uuid@latest.  For CommonJS codebases, use uuid@11 (but be aware this version will likely be deprecated in 2028).
1459 http fetch GET 200 https://registry.npmjs.org/@fast-csv/parse/-/parse-4.3.6.tgz 1816ms (cache miss)
1460 http fetch GET 200 https://registry.npmjs.org/@types/node/-/node-22.20.2.tgz 1793ms (cache miss)
1461 http fetch GET 200 https://registry.npmjs.org/@types/node/-/node-14.18.63.tgz 1852ms (cache miss)
1462 http fetch GET 200 https://registry.npmjs.org/async/-/async-3.2.6.tgz 1871ms (cache miss)
1463 http fetch GET 200 https://registry.npmjs.org/dayjs/-/dayjs-1.11.23.tgz 2532ms (cache miss)
1464 http fetch GET 200 https://registry.npmjs.org/exceljs/-/exceljs-4.4.0.tgz 3067ms (cache miss)
1465 silly ADD node_modules/undici-types
1466 silly ADD node_modules/process-nextick-args
1467 silly ADD node_modules/isarray
1468 silly ADD node_modules/core-util-is
1469 silly ADD node_modules/crc-32
1470 silly ADD node_modules/crc32-stream
1471 silly ADD node_modules/compress-commons
1472 silly ADD node_modules/minimist
1473 silly ADD node_modules/rimraf
1474 silly ADD node_modules/mkdirp
1475 silly ADD node_modules/traverse
1476 silly ADD node_modules/chainsaw
1477 silly ADD node_modules/buffers
1478 silly ADD node_modules/listenercount
1479 silly ADD node_modules/fstream
1480 silly ADD node_modules/duplexer2
1481 silly ADD node_modules/duplexer2/node_modules/string_decoder
1482 silly ADD node_modules/duplexer2/node_modules/safe-buffer
1483 silly ADD node_modules/duplexer2/node_modules/readable-stream
1484 silly ADD node_modules/buffer-indexof-polyfill
1485 silly ADD node_modules/bluebird
1486 silly ADD node_modules/binary
1487 silly ADD node_modules/big-integer
1488 silly ADD node_modules/media-typer
1489 silly ADD node_modules/ieee754
1490 silly ADD node_modules/base64-js
1491 silly ADD node_modules/buffer
1492 silly ADD node_modules/fs-constants
1493 silly ADD node_modules/end-of-stream
1494 silly ADD node_modules/bl
1495 silly ADD node_modules/safe-buffer
1496 silly ADD node_modules/dunder-proto
1497 silly ADD node_modules/math-intrinsics
1498 silly ADD node_modules/hasown
1499 silly ADD node_modules/has-symbols
1500 silly ADD node_modules/gopd
1501 silly ADD node_modules/get-proto
1502 silly ADD node_modules/es-object-atoms
1503 silly ADD node_modules/function-bind
1504 silly ADD node_modules/call-bind-apply-helpers
1505 silly ADD node_modules/get-intrinsic
1506 silly ADD node_modules/call-bound
1507 silly ADD node_modules/side-channel-weakmap
1508 silly ADD node_modules/side-channel-map
1509 silly ADD node_modules/side-channel-list
1510 silly ADD node_modules/object-inspect
1511 silly ADD node_modules/es-errors
1512 silly ADD node_modules/xmlchars
1513 silly ADD node_modules/path-to-regexp
1514 silly ADD node_modules/is-promise
1515 silly ADD node_modules/util-deprecate
1516 silly ADD node_modules/string_decoder
1517 silly ADD node_modules/unpipe
1518 silly ADD node_modules/side-channel
1519 silly ADD node_modules/es-define-property
1520 silly ADD node_modules/ipaddr.js
1521 silly ADD node_modules/forwarded
1522 silly ADD node_modules/queue
1523 silly ADD node_modules/image-size
1524 silly ADD node_modules/https
1525 silly ADD node_modules/ee-first
1526 silly ADD node_modules/streamsearch
1527 silly ADD node_modules/busboy
1528 silly ADD node_modules/append-field
1529 silly ADD node_modules/concat-map
1530 silly ADD node_modules/balanced-match
1531 silly ADD node_modules/brace-expansion
1532 silly ADD node_modules/mime-db
1533 silly ADD node_modules/immediate
1534 silly ADD node_modules/setimmediate
1535 silly ADD node_modules/pako
1536 silly ADD node_modules/lie
1537 silly ADD node_modules/wrappy
1538 silly ADD node_modules/safer-buffer
1539 silly ADD node_modules/toidentifier
1540 silly ADD node_modules/setprototypeof
1541 silly ADD node_modules/path-is-absolute
1542 silly ADD node_modules/minimatch
1543 silly ADD node_modules/inherits
1544 silly ADD node_modules/inflight
1545 silly ADD node_modules/fs.realpath
1546 silly ADD node_modules/lodash.uniq
1547 silly ADD node_modules/lodash.isundefined
1548 silly ADD node_modules/lodash.groupby
1549 silly ADD node_modules/lodash.isnil
1550 silly ADD node_modules/lodash.isfunction
1551 silly ADD node_modules/lodash.isequal
1552 silly ADD node_modules/lodash.isboolean
1553 silly ADD node_modules/lodash.escaperegexp
1554 silly ADD node_modules/@types/node
1555 silly ADD node_modules/@fast-csv/parse
1556 silly ADD node_modules/@fast-csv/format
1557 silly ADD node_modules/ms
1558 silly ADD node_modules/raw-body
1559 silly ADD node_modules/iconv-lite
1560 silly ADD node_modules/bytes
1561 silly ADD node_modules/negotiator
1562 silly ADD node_modules/negotiator/node_modules/content-type
1563 silly ADD node_modules/vary
1564 silly ADD node_modules/type-is
1565 silly ADD node_modules/type-is/node_modules/content-type
1566 silly ADD node_modules/statuses
1567 silly ADD node_modules/serve-static
1568 silly ADD node_modules/send
1569 silly ADD node_modules/router
1570 silly ADD node_modules/range-parser
1571 silly ADD node_modules/qs
1572 silly ADD node_modules/proxy-addr
1573 silly ADD node_modules/parseurl
1574 silly ADD node_modules/once
1575 silly ADD node_modules/on-finished
1576 silly ADD node_modules/mime-types
1577 silly ADD node_modules/merge-descriptors
1578 silly ADD node_modules/http-errors
1579 silly ADD node_modules/fresh
1580 silly ADD node_modules/finalhandler
1581 silly ADD node_modules/etag
1582 silly ADD node_modules/escape-html
1583 silly ADD node_modules/encodeurl
1584 silly ADD node_modules/depd
1585 silly ADD node_modules/debug
1586 silly ADD node_modules/cookie-signature
1587 silly ADD node_modules/cookie
1588 silly ADD node_modules/content-type
1589 silly ADD node_modules/content-disposition
1590 silly ADD node_modules/body-parser
1591 silly ADD node_modules/body-parser/node_modules/content-type
1592 silly ADD node_modules/accepts
1593 silly ADD node_modules/normalize-path
1594 silly ADD node_modules/lodash.union
1595 silly ADD node_modules/lodash.isplainobject
1596 silly ADD node_modules/lodash.flatten
1597 silly ADD node_modules/lodash.difference
1598 silly ADD node_modules/lodash.defaults
1599 silly ADD node_modules/lazystream
1600 silly ADD node_modules/lazystream/node_modules/string_decoder
1601 silly ADD node_modules/lazystream/node_modules/safe-buffer
1602 silly ADD node_modules/lazystream/node_modules/readable-stream
1603 silly ADD node_modules/graceful-fs
1604 silly ADD node_modules/glob
1605 silly ADD node_modules/zip-stream
1606 silly ADD node_modules/zip-stream/node_modules/archiver-utils
1607 silly ADD node_modules/tar-stream
1608 silly ADD node_modules/readdir-glob
1609 silly ADD node_modules/readdir-glob/node_modules/brace-expansion
1610 silly ADD node_modules/readdir-glob/node_modules/minimatch
1611 silly ADD node_modules/buffer-crc32
1612 silly ADD node_modules/async
1613 silly ADD node_modules/archiver-utils
1614 silly ADD node_modules/archiver-utils/node_modules/string_decoder
1615 silly ADD node_modules/archiver-utils/node_modules/safe-buffer
1616 silly ADD node_modules/archiver-utils/node_modules/readable-stream
1617 silly ADD node_modules/uuid
1618 silly ADD node_modules/unzipper
1619 silly ADD node_modules/unzipper/node_modules/string_decoder
1620 silly ADD node_modules/unzipper/node_modules/safe-buffer
1621 silly ADD node_modules/unzipper/node_modules/readable-stream
1622 silly ADD node_modules/tmp
1623 silly ADD node_modules/saxes
1624 silly ADD node_modules/readable-stream
1625 silly ADD node_modules/jszip
1626 silly ADD node_modules/jszip/node_modules/string_decoder
1627 silly ADD node_modules/jszip/node_modules/safe-buffer
1628 silly ADD node_modules/jszip/node_modules/readable-stream
1629 silly ADD node_modules/fast-csv
1630 silly ADD node_modules/dayjs
1631 silly ADD node_modules/archiver
1632 silly ADD node_modules/pptxgenjs
1633 silly ADD node_modules/pptxgenjs/node_modules/@types/node
1634 silly ADD node_modules/multer
1635 silly ADD node_modules/multer/node_modules/mime-db
1636 silly ADD node_modules/multer/node_modules/mime-types
1637 silly ADD node_modules/multer/node_modules/media-typer
1638 silly ADD node_modules/multer/node_modules/type-is
1639 silly ADD node_modules/express
1640 silly ADD node_modules/exceljs
1641 verbose cwd C:\Users\USER\Documents\Codex\2026-09-14\d\outputs\screen-studio
1642 verbose os Windows_NT 10.0.19045
1643 verbose node v24.18.0
1644 verbose npm  v11.16.0
1645 notice
1645 notice New major version of npm available! 11.16.0 -> 12.0.2
1645 notice Changelog: https://github.com/npm/cli/releases/tag/v12.0.2
1645 notice To update run: npm install -g npm@12.0.2
1645 notice  { force: true, Symbol(proc-log.meta): true }
1646 verbose exit 0
1647 info ok
